id,code_iata,code_icao,airport_name,city,country,annual_passengers,incident_count,fatal_incidents,avg_delay_minutes,incidents_per_million_passengers,airport_id,iata_harshness_score,iata_memorability_score,name_memorability_score,code_memorability_rank
1,ATL,KATL,Hartsfield Jackson Atlanta International Airport,Atlanta,United States,110000000,0,0,,0.0,1,33.33333333333333,87.33333333333334,0.0,80.0
2,PEK,ZBAA,Beijing Capital International Airport,Beijing,China,100000000,0,0,,0.0,2,66.66666666666666,89.33333333333334,13.621621621621625,90.0
3,LAX,KLAX,Los Angeles International Airport,Los Angeles,United States,88000000,0,0,,0.0,3,0.0,89.33333333333334,21.575757575757574,95.0
4,DXB,OMDB,Dubai International Airport,Dubai,United Arab Emirates,86000000,0,0,,0.0,4,66.66666666666666,84.0,33.77777777777778,70.0
5,HND,RJTT,Tokyo Haneda International Airport,Tokyo,Japan,85000000,0,0,,0.0,5,66.66666666666666,84.0,29.764705882352942,70.0
6,ORD,KORD,Chicago O'Hare International Airport,Chicago,United States,83000000,0,0,,0.0,6,33.33333333333333,87.33333333333334,15.666666666666668,85.0
7,LHR,EGLL,London Heathrow Airport,London,United Kingdom,80000000,0,0,,0.0,7,33.33333333333333,84.0,39.391304347826086,90.0
8,HKG,VHHH,Hong Kong International Airport,Hong Kong,Hong Kong,75000000,0,0,,0.0,8,100.0,84.0,25.419354838709676,70.0
9,PVG,ZSPD,Shanghai Pudong International Airport,Shanghai,China,74000000,0,0,,0.0,9,100.0,84.0,11.513513513513514,70.0
10,CDG,LFPG,Charles de Gaulle International Airport,Paris,France,72000000,0,0,,0.0,10,66.66666666666666,84.0,14.53846153846154,85.0
11,AMS,EHAM,Amsterdam Airport Schiphol,Amsterdam,Netherlands,71000000,0,0,,0.0,11,33.33333333333333,87.33333333333334,33.23076923076923,80.0
12,FRA,EDDF,Frankfurt am Main Airport,Frankfurt,Germany,69000000,0,0,,0.0,12,33.33333333333333,87.33333333333334,35.28,80.0
13,DFW,KDFW,Dallas Fort Worth International Airport,Dallas-Fort Worth,United States,69000000,0,0,,0.0,13,66.66666666666666,84.0,12.333333333333336,70.0
14,ICN,RKSI,Incheon International Airport,Seoul,South Korea,68000000,0,0,,0.0,14,0.0,87.33333333333334,27.655172413793103,80.0
15,IST,LTFM,Istanbul Airport,Istanbul,Turkey,68000000,0,0,,0.0,15,66.66666666666666,87.33333333333334,55.5,80.0
16,BKK,VTBS,Suvarnabhumi Airport,Bangkok,Thailand,65000000,0,0,,0.0,16,100.0,89.0,47.6,70.0
17,DEN,KDEN,Denver International Airport,Denver,United States,64000000,0,0,,0.0,17,33.33333333333333,89.33333333333334,31.571428571428573,90.0
18,SIN,WSSS,Singapore Changi Airport,Singapore,Singapore,62000000,0,0,,0.0,18,33.33333333333333,89.33333333333334,39.5,90.0
19,JFK,KJFK,John F Kennedy International Airport,New York,United States,62000000,0,0,,0.0,19,66.66666666666666,84.0,20.444444444444446,100.0
20,SFO,KSFO,San Francisco International Airport,San Francisco,United States,58000000,0,0,,0.0,20,66.66666666666666,87.33333333333334,17.485714285714288,80.0
21,LAS,KLAS,McCarran International Airport,Las Vegas,United States,51000000,0,0,,0.0,21,33.33333333333333,89.33333333333334,30.46666666666667,90.0
22,CLT,KCLT,Charlotte Douglas International Airport,Charlotte,United States,50000000,0,0,,0.0,22,33.33333333333333,84.0,14.53846153846154,70.0
23,MCO,KMCO,Orlando International Airport,Orlando,United States,50000000,0,0,,0.0,23,0.0,87.33333333333334,29.655172413793107,80.0
24,SEA,KSEA,Seattle Tacoma International Airport,Seattle,United States,49000000,0,0,,0.0,24,33.33333333333333,90.0,18.666666666666664,90.0
25,MUC,EDDM,Munich Airport,Munich,Germany,47000000,0,0,,0.0,25,0.0,89.33333333333334,59.42857142857143,90.0
26,IAH,KIAH,George Bush Intercontinental Houston Airport,Houston,United States,45000000,0,0,,0.0,26,33.33333333333333,90.0,0.0,90.0
27,MIA,KMIA,Miami International Airport,Miami,United States,45000000,0,0,,0.0,27,0.0,90.0,33.77777777777778,90.0
28,SYD,YSSY,Sydney Kingsford Smith International Airport,Sydney,Australia,44000000,0,0,,0.0,28,66.66666666666666,89.33333333333334,0.0,90.0
29,PHX,KPHX,Phoenix Sky Harbor International Airport,Phoenix,United States,44000000,0,0,,0.0,29,66.66666666666666,84.0,7.5,70.0
30,EWR,KEWR,Newark Liberty International Airport,Newark,United States,43000000,0,0,,0.0,30,0.0,87.33333333333334,15.555555555555554,80.0
31,POM,AYPY,Port Moresby Jacksons International Airport,Port Moresby,Papua New Guinea,10000000,0,0,,0.0,31,33.33333333333333,89.33333333333334,0.0,90.0
32,WWK,AYWK,Wewak International Airport,Wewak,Papua New Guinea,10000000,0,0,,0.0,32,33.33333333333333,89.0,33.62962962962963,70.0
33,KEF,BIKF,Keflavik International Airport,Keflavik,Iceland,10000000,0,0,,0.0,33,66.66666666666666,89.33333333333334,27.6,90.0
34,YEG,CYEG,Edmonton International Airport,Edmonton,Canada,10000000,0,0,,0.0,34,33.33333333333333,90.0,27.6,90.0
35,YHM,CYHM,John C. Munro Hamilton International Airport,Hamilton,Canada,10000000,0,0,,0.0,35,33.33333333333333,87.33333333333334,0.0,80.0
36,YHZ,CYHZ,Halifax / Stanfield International Airport,Halifax,Canada,10000000,0,0,,0.0,36,66.66666666666666,87.33333333333334,5.463414634146343,80.0
37,YLW,CYLW,Kelowna International Airport,Kelowna,Canada,10000000,0,0,,0.0,37,0.0,87.33333333333334,29.655172413793107,80.0
38,YMX,CYMX,Montreal International (Mirabel) Airport,Montreal,Canada,10000000,0,0,,0.0,38,0.0,87.33333333333334,5.5,80.0
39,YOW,CYOW,Ottawa Macdonald-Cartier International Airport,Ottawa,Canada,10000000,0,0,,0.0,39,0.0,90.0,0.5652173913043477,90.0
40,YQB,CYQB,Quebec Jean Lesage International Airport,Quebec,Canada,10000000,0,0,,0.0,40,33.33333333333333,87.33333333333334,7.699999999999999,80.0
41,YQM,CYQM,Greater Moncton International Airport,Moncton,Canada,10000000,0,0,,0.0,41,0.0,87.33333333333334,11.513513513513514,80.0
42,YQR,CYQR,Regina International Airport,Regina,Canada,10000000,0,0,,0.0,42,0.0,87.33333333333334,31.714285714285715,80.0
43,YQX,CYQX,Gander International Airport,Gander,Canada,10000000,0,0,,0.0,43,0.0,87.33333333333334,31.571428571428573,80.0
44,YUL,CYUL,Montreal / Pierre Elliott Trudeau International Airport,Montreal,Canada,10000000,0,0,,0.0,44,0.0,90.0,0.0,90.0
45,YVR,CYVR,Vancouver International Airport,Vancouver,Canada,10000000,0,0,,0.0,45,33.33333333333333,87.33333333333334,25.67741935483871,80.0
46,YWG,CYWG,Winnipeg / James Armstrong Richardson International Airport,Winnipeg,Canada,10000000,0,0,,0.0,46,33.33333333333333,87.33333333333334,0.0,80.0
47,YXC,CYXC,Cranbrook/Canadian Rockies International Airport,Cranbrook,Canada,10000000,0,0,,0.0,47,0.0,87.33333333333334,0.0,80.0
48,YXE,CYXE,Saskatoon John G. Diefenbaker International Airport,Saskatoon,Canada,10000000,0,0,,0.0,48,0.0,90.0,0.0,90.0
49,YXY,CYXY,Whitehorse / Erik Nielsen International Airport,Whitehorse,Canada,10000000,0,0,,0.0,49,0.0,100.0,0.0,90.0
50,YYC,CYYC,Calgary International Airport,Calgary,Canada,10000000,0,0,,0.0,50,0.0,95.0,29.655172413793107,90.0
51,YYJ,CYYJ,Victoria International Airport,Victoria,Canada,10000000,0,0,,0.0,51,0.0,95.0,27.733333333333334,90.0
52,YYT,CYYT,St. John's International Airport,St. John's,Canada,10000000,0,0,,0.0,52,33.33333333333333,95.0,23.25,90.0
53,YYZ,CYYZ,Lester B. Pearson International Airport,Toronto,Canada,10000000,0,0,,0.0,53,33.33333333333333,95.0,9.435897435897438,90.0
54,CZL,DABC,Mohamed Boudiaf International Airport,Constantine,Algeria,10000000,0,0,,0.0,54,33.33333333333333,84.0,13.72972972972973,70.0
55,ACC,DGAA,Kotoka International Airport,Accra,Ghana,10000000,0,0,,0.0,55,0.0,92.33333333333334,31.714285714285715,80.0
56,ABV,DNAA,Nnamdi Azikiwe International Airport,Abuja,Nigeria,10000000,0,0,,0.0,56,66.66666666666666,87.33333333333334,20.666666666666668,80.0
57,CBQ,DNCA,Margaret Ekpo International Airport,Calabar,Nigeria,10000000,0,0,,0.0,57,33.33333333333333,84.0,17.6,70.0
58,ENU,DNEN,Akanu Ibiam International Airport,Enugu,Nigeria,10000000,0,0,,0.0,58,0.0,90.0,21.81818181818182,90.0
59,ILR,DNIL,Ilorin International Airport,Ilorin,Nigeria,10000000,0,0,,0.0,59,0.0,87.33333333333334,31.714285714285715,80.0
60,KAN,DNKN,Mallam Aminu International Airport,Kano,Nigeria,10000000,0,0,,0.0,60,33.33333333333333,89.33333333333334,24.647058823529413,90.0
61,MIU,DNMA,Maiduguri International Airport,Maiduguri,Nigeria,10000000,0,0,,0.0,61,0.0,90.0,25.806451612903228,90.0
62,LOS,DNMM,Murtala Muhammed International Airport,Lagos,Nigeria,10000000,0,0,,0.0,62,33.33333333333333,89.33333333333334,16.57894736842105,90.0
63,PHC,DNPO,Port Harcourt International Airport,Port Hartcourt,Nigeria,10000000,0,0,,0.0,63,66.66666666666666,84.0,17.485714285714288,70.0
64,SKO,DNSO,Sadiq Abubakar III International Airport,Sokoto,Nigeria,10000000,0,0,,0.0,64,66.66666666666666,87.33333333333334,12.8,80.0
65,NIM,DRRN,Diori Hamani International Airport,Niamey,Niger,10000000,0,0,,0.0,65,0.0,89.33333333333334,19.764705882352942,90.0
66,AJY,DRZA,Mano Dayak International Airport,Agadez,Niger,10000000,0,0,,0.0,66,0.0,90.0,23.75,90.0
67,MIR,DTMB,Monastir Habib Bourguiba International Airport,Monastir,Tunisia,10000000,0,0,,0.0,67,0.0,89.33333333333334,0.0,90.0
68,TUN,DTTA,Tunis Carthage International Airport,Tunis,Tunisia,10000000,0,0,,0.0,68,33.33333333333333,89.33333333333334,23.555555555555557,90.0
69,GAF,DTTF,Gafsa Ksar International Airport,Gafsa,Tunisia,10000000,0,0,,0.0,69,66.66666666666666,89.33333333333334,23.5,90.0
70,GAE,DTTG,Gabès Matmata International Airport,Gabes,Tunisia,10000000,0,0,,0.0,70,33.33333333333333,90.0,15.485714285714288,90.0
71,DJE,DTTJ,Djerba Zarzis International Airport,Djerba,Tunisia,10000000,0,0,,0.0,71,33.33333333333333,87.33333333333334,17.485714285714288,80.0
72,SFA,DTTX,Sfax Thyna International Airport,Sfax,Tunisia,10000000,0,0,,0.0,72,66.66666666666666,87.33333333333334,23.5,80.0
73,TOE,DTTZ,Tozeur Nefta International Airport,Tozeur,Tunisia,10000000,0,0,,0.0,73,33.33333333333333,90.0,29.647058823529413,90.0
74,LRL,DXNG,Niamtougou International Airport,Niatougou,Togo,10000000,0,0,,0.0,74,0.0,94.0,23.875,70.0
75,ANR,EBAW,Antwerp International Airport (Deurne),Antwerp,Belgium,10000000,0,0,,0.0,75,0.0,87.33333333333334,9.473684210526315,80.0
76,OST,EBOS,Ostend-Bruges International Airport,Ostend,Belgium,10000000,0,0,,0.0,76,66.66666666666666,87.33333333333334,17.485714285714288,80.0
77,THF,EDDI,Berlin-Tempelhof International Airport,Berlin,Germany,10000000,0,0,,0.0,77,100.0,84.0,11.473684210526315,70.0
78,BFS,EGAA,Belfast International Airport,Belfast,United Kingdom,10000000,0,0,,0.0,78,100.0,84.0,29.517241379310345,70.0
79,BHX,EGBB,Birmingham International Airport,Birmingham,United Kingdom,10000000,0,0,,0.0,79,66.66666666666666,84.0,21.5,70.0
80,CWL,EGFF,Cardiff International Airport,Cardiff,United Kingdom,10000000,0,0,,0.0,80,0.0,84.0,34.51724137931035,70.0
81,MSE,EGMH,Kent International Airport,Manston,United Kingdom,10000000,0,0,,0.0,81,33.33333333333333,87.33333333333334,35.53846153846154,80.0
82,BLK,EGNH,Blackpool International Airport,Blackpool,United Kingdom,10000000,0,0,,0.0,82,66.66666666666666,84.0,28.548387096774196,70.0
83,GLA,EGPF,Glasgow International Airport,Glasgow,United Kingdom,10000000,0,0,,0.0,83,33.33333333333333,87.33333333333334,29.517241379310345,80.0
84,NWI,EGSH,Norwich International Airport,Norwich,United Kingdom,10000000,0,0,,0.0,84,0.0,87.33333333333334,29.517241379310345,80.0
85,EXT,EGTE,Exeter International Airport,Exeter,United Kingdom,10000000,0,0,,0.0,85,33.33333333333333,87.33333333333334,31.714285714285715,80.0
86,LUX,ELLX,Luxembourg-Findel International Airport,Luxemburg,Luxembourg,10000000,0,0,,0.0,86,0.0,89.33333333333334,9.53846153846154,90.0
87,KRK,EPKK,Kraków John Paul II International Airport,Krakow,Poland,10000000,0,0,,0.0,87,66.66666666666666,94.0,8.463414634146341,70.0
88,KTW,EPKT,Katowice International Airport,Katowice,Poland,10000000,0,0,,0.0,88,66.66666666666666,84.0,27.733333333333334,70.0
89,BFN,FABL,Bram Fischer International Airport,Bloemfontein,South Africa,10000000,0,0,,0.0,89,66.66666666666666,84.0,17.411764705882355,70.0
90,CPT,FACT,Cape Town International Airport,Cape Town,South Africa,10000000,0,0,,0.0,90,66.66666666666666,84.0,25.548387096774196,70.0
91,DUR,FALE,King Shaka International Airport,Durban,South Africa,10000000,0,0,,0.0,91,33.33333333333333,89.33333333333334,23.5,90.0
92,JNB,FAOR,OR Tambo International Airport,Johannesburg,South Africa,10000000,0,0,,0.0,92,33.33333333333333,84.0,27.6,70.0
93,NTY,FAPN,Pilanesberg International Airport,Pilanesberg,South Africa,10000000,0,0,,0.0,93,33.33333333333333,87.33333333333334,21.575757575757574,80.0
94,PTG,FAPP,Polokwane International Airport,Potgietersrus,South Africa,10000000,0,0,,0.0,94,100.0,84.0,25.67741935483871,70.0
95,GBE,FBSK,Sir Seretse Khama International Airport,Gaberone,Botswana,10000000,0,0,,0.0,95,66.66666666666666,87.33333333333334,9.53846153846154,80.0
96,BGF,FEFF,Bangui M'Poko International Airport,Bangui,Central African Republic,10000000,0,0,,0.0,96,100.0,84.0,17.6,70.0
97,MRU,FIMP,Sir Seewoosagur Ramgoolam International Airport,Plaisance,Mauritius,10000000,0,0,,0.0,97,0.0,87.33333333333334,0.0,80.0
98,DLA,FKKD,Douala International Airport,Douala,Cameroon,10000000,0,0,,0.0,98,33.33333333333333,87.33333333333334,31.857142857142858,80.0
99,GOU,FKKR,Garoua International Airport,Garoua,Cameroon,10000000,0,0,,0.0,99,33.33333333333333,90.0,31.857142857142858,90.0
100,LUN,FLLS,Kenneth Kaunda International Airport Lusaka,Lusaka,Zambia,10000000,0,0,,0.0,100,0.0,89.33333333333334,6.581395348837209,90.0
101,NLA,FLND,Simon Mwansa Kapwepwe International Airport,Ndola,Zambia,10000000,0,0,,0.0,101,0.0,87.33333333333334,1.488372093023255,80.0
102,HAH,FMCH,Prince Said Ibrahim International Airport,Moroni,Comoros,10000000,0,0,,0.0,102,66.66666666666666,99.33333333333334,5.560975609756099,90.0
103,DZA,FMCZ,Dzaoudzi Pamandzi International Airport,Dzaoudzi,Mayotte,10000000,0,0,,0.0,103,66.66666666666666,87.33333333333334,7.641025641025642,80.0
104,LBV,FOOL,Libreville Leon M'ba International Airport,Libreville,Gabon,10000000,0,0,,0.0,104,66.66666666666666,84.0,8.523809523809526,70.0
105,MVB,FOON,M'Vengue El Hadj Omar Bongo Ondimba International Airport,Franceville,Gabon,10000000,0,0,,0.0,105,66.66666666666666,84.0,0.0,70.0
106,TMS,FPST,São Tomé International Airport,Sao Tome,Sao Tome and Principe,10000000,0,0,,0.0,106,66.66666666666666,84.0,27.466666666666665,70.0
107,SEZ,FSIA,Seychelles International Airport,Mahe,Seychelles,10000000,0,0,,0.0,107,66.66666666666666,89.33333333333334,28.625,90.0
108,NDJ,FTTJ,N'Djamena International Airport,N'djamena,Chad,10000000,0,0,,0.0,108,33.33333333333333,84.0,25.548387096774196,70.0
109,BUQ,FVBU,Joshua Mqabuko Nkomo International Airport,Bulawayo,Zimbabwe,10000000,0,0,,0.0,109,33.33333333333333,89.33333333333334,3.6190476190476204,90.0
110,VFA,FVFA,Victoria Falls International Airport,Victoria Falls,Zimbabwe,10000000,0,0,,0.0,110,66.66666666666666,87.33333333333334,18.555555555555557,80.0
111,HRE,FVHA,Robert Gabriel Mugabe International Airport,Harare,Zimbabwe,10000000,0,0,,0.0,111,33.33333333333333,87.33333333333334,1.5813953488372086,80.0
112,KAB,FVKB,Kariba International Airport,Kariba,Zimbabwe,10000000,0,0,,0.0,112,66.66666666666666,89.33333333333334,31.714285714285715,90.0
113,MVZ,FVMV,Masvingo International Airport,Masvingo,Zimbabwe,10000000,0,0,,0.0,113,66.66666666666666,84.0,27.6,70.0
114,BLZ,FWCL,Chileka International Airport,Blantyre,Malawi,10000000,0,0,,0.0,114,66.66666666666666,84.0,29.655172413793107,70.0
115,LLW,FWKI,Lilongwe International Airport,Lilongwe,Malawi,10000000,0,0,,0.0,115,0.0,89.0,25.6,70.0
116,MSU,FXMM,Moshoeshoe I International Airport,Maseru,Lesotho,10000000,0,0,,0.0,116,33.33333333333333,87.33333333333334,19.764705882352942,80.0
117,FIH,FZAA,Ndjili International Airport,Kinshasa,Congo (Kinshasa),10000000,0,0,,0.0,117,66.66666666666666,89.33333333333334,29.571428571428573,90.0
118,FKI,FZIC,Bangoka International Airport,Kisangani,Congo (Kinshasa),10000000,0,0,,0.0,118,66.66666666666666,87.33333333333334,29.655172413793107,80.0
119,GOM,FZNA,Goma International Airport,Goma,Congo (Kinshasa),10000000,0,0,,0.0,119,33.33333333333333,89.33333333333334,35.69230769230769,90.0
120,FBM,FZQA,Lubumbashi International Airport,Lubumashi,Congo (Kinshasa),10000000,0,0,,0.0,120,66.66666666666666,84.0,23.625,70.0
121,BKO,GABS,Modibo Keita International Airport,Bamako,Mali,10000000,0,0,,0.0,121,66.66666666666666,87.33333333333334,19.764705882352942,80.0
122,BJL,GBYD,Banjul International Airport,Banjul,Gambia,10000000,0,0,,0.0,122,33.33333333333333,84.0,31.571428571428573,70.0
123,FNA,GFLL,Lungi International Airport,Freetown,Sierra Leone,10000000,0,0,,0.0,123,33.33333333333333,87.33333333333334,33.62962962962963,80.0
124,ROB,GLRB,Roberts International Airport,Monrovia,Liberia,10000000,0,0,,0.0,124,33.33333333333333,89.33333333333334,27.51724137931035,90.0
125,CMN,GMMN,Mohammed V International Airport,Casablanca,Morocco,10000000,0,0,,0.0,125,0.0,84.0,28.5,70.0
126,DKR,GOOY,Léopold Sédar Senghor International Airport,Dakar,Senegal,10000000,0,0,,0.0,126,66.66666666666666,84.0,0.0,70.0
127,NKC,GQNO,Nouakchott–Oumtounsy International Airport,Nouakschott,Mauritania,10000000,0,0,,0.0,127,33.33333333333333,84.0,6.714285714285715,70.0
128,ATR,GQPA,Atar International Airport,Atar,Mauritania,10000000,0,0,,0.0,128,33.33333333333333,87.33333333333334,35.69230769230769,80.0
129,NDB,GQPP,Nouadhibou International Airport,Nouadhibou,Mauritania,10000000,0,0,,0.0,129,66.66666666666666,84.0,23.875,70.0
130,SID,GVAC,Amílcar Cabral International Airport,Amilcar Cabral,Cape Verde,10000000,0,0,,0.0,130,66.66666666666666,89.33333333333334,11.444444444444446,90.0
131,ADD,HAAB,Addis Ababa Bole International Airport,Addis Ababa,Ethiopia,10000000,0,0,,0.0,131,66.66666666666666,92.33333333333334,16.68421052631579,80.0
132,DIR,HADR,Aba Tenna Dejazmach Yilma International Airport,Dire Dawa,Ethiopia,10000000,0,0,,0.0,132,33.33333333333333,89.33333333333334,0.0,90.0
133,BJM,HBBA,Bujumbura International Airport,Bujumbura,Burundi,10000000,0,0,,0.0,133,33.33333333333333,84.0,25.67741935483871,70.0
134,HGA,HCMH,Egal International Airport,Hargeisa,Somalia,10000000,0,0,,0.0,134,66.66666666666666,87.33333333333334,35.69230769230769,80.0
135,CAI,HECA,Cairo International Airport,Cairo,Egypt,10000000,0,0,,0.0,135,0.0,90.0,33.77777777777778,90.0
136,HRG,HEGN,Hurghada International Airport,Hurghada,Egypt,10000000,0,0,,0.0,136,66.66666666666666,84.0,25.6,70.0
137,LXR,HELX,Luxor International Airport,Luxor,Egypt,10000000,0,0,,0.0,137,0.0,84.0,33.62962962962963,70.0
138,SKV,HESC,St Catherine International Airport,St. Catherine,Egypt,10000000,0,0,,0.0,138,100.0,84.0,19.52941176470588,70.0
139,ASW,HESN,Aswan International Airport,Aswan,Egypt,10000000,0,0,,0.0,139,33.33333333333333,87.33333333333334,33.62962962962963,80.0
140,EDL,HKEL,Eldoret International Airport,Eldoret,Kenya,10000000,0,0,,0.0,140,33.33333333333333,87.33333333333334,29.655172413793107,80.0
141,MBA,HKMO,Mombasa Moi International Airport,Mombasa,Kenya,10000000,0,0,,0.0,141,33.33333333333333,87.33333333333334,21.6969696969697,80.0
142,BEN,HLLB,Benina International Airport,Benghazi,Libya,10000000,0,0,,0.0,142,33.33333333333333,89.33333333333334,31.714285714285715,90.0
143,TIP,HLLT,Tripoli International Airport,Tripoli,Libya,10000000,0,0,,0.0,143,66.66666666666666,89.33333333333334,39.65517241379311,90.0
144,KGL,HRYR,Kigali International Airport,Kigali,Rwanda,10000000,0,0,,0.0,144,66.66666666666666,84.0,31.714285714285715,70.0
145,JUB,HSSJ,Juba International Airport,Juba,South Sudan,10000000,0,0,,0.0,145,33.33333333333333,89.33333333333334,35.69230769230769,90.0
146,KRT,HSSS,Khartoum International Airport,Khartoum,Sudan,10000000,0,0,,0.0,146,66.66666666666666,84.0,27.6,70.0
147,DAR,HTDA,Julius Nyerere International Airport,Dar Es Salaam,Tanzania,10000000,0,0,,0.0,147,33.33333333333333,89.33333333333334,15.777777777777779,90.0
148,JRO,HTKJ,Kilimanjaro International Airport,Kilimanjaro,Tanzania,10000000,0,0,,0.0,148,0.0,87.33333333333334,21.6969696969697,80.0
149,ZNZ,HTZA,Abeid Amani Karume International Airport,Zanzibar,Tanzania,10000000,0,0,,0.0,149,66.66666666666666,94.0,7.800000000000001,70.0
150,EBB,HUEN,Entebbe International Airport,Entebbe,Uganda,10000000,0,0,,0.0,150,66.66666666666666,92.33333333333334,34.65517241379311,80.0
151,TIA,LATI,Tirana International Airport Mother Teresa,Tirana,Albania,10000000,0,0,,0.0,151,33.33333333333333,90.0,3.6190476190476204,90.0
152,PDV,LBPD,Plovdiv International Airport,Plovdiv,Bulgaria,10000000,0,0,,0.0,152,100.0,84.0,29.517241379310345,70.0
153,LCA,LCLK,Larnaca International Airport,Larnaca,Cyprus,10000000,0,0,,0.0,153,0.0,87.33333333333334,29.655172413793107,80.0
154,PFO,LCPH,Paphos International Airport,Paphos,Cyprus,10000000,0,0,,0.0,154,66.66666666666666,87.33333333333334,31.571428571428573,80.0
155,ALC,LEAL,Alicante International Airport,Alicante,Spain,10000000,0,0,,0.0,155,0.0,87.33333333333334,27.733333333333334,80.0
156,LEI,LEAM,Almería International Airport,Almeria,Spain,10000000,0,0,,0.0,156,0.0,90.0,29.655172413793107,90.0
157,BCN,LEBL,Barcelona International Airport,Barcelona,Spain,10000000,0,0,,0.0,157,33.33333333333333,84.0,25.67741935483871,70.0
158,HER,LGIR,Heraklion International Nikos Kazantzakis Airport,Heraklion,Greece,10000000,0,0,,0.0,158,33.33333333333333,89.33333333333334,0.0,90.0
159,CFU,LGKR,Ioannis Kapodistrias International Airport,Kerkyra/corfu,Greece,10000000,0,0,,0.0,159,33.33333333333333,87.33333333333334,6.714285714285715,80.0
160,KVA,LGKV,Alexander the Great International Airport,Kavala,Greece,10000000,0,0,,0.0,160,66.66666666666666,87.33333333333334,5.560975609756099,80.0
161,MJT,LGMT,Mytilene International Airport,Mytilini,Greece,10000000,0,0,,0.0,161,33.33333333333333,84.0,27.733333333333334,70.0
162,CHQ,LGSA,Chania International Airport,Chania,Greece,10000000,0,0,,0.0,162,33.33333333333333,84.0,31.714285714285715,70.0
163,SKG,LGTS,Thessaloniki Macedonia International Airport,Thessaloniki,Greece,10000000,0,0,,0.0,163,100.0,84.0,14.72727272727273,70.0
164,ZTH,LGZA,"Zakynthos International Airport ""Dionysios Solomos""",Zakynthos,Greece,10000000,0,0,,0.0,164,100.0,84.0,0.0,70.0
165,BUD,LHBP,Budapest Liszt Ferenc International Airport,Budapest,Hungary,10000000,0,0,,0.0,165,66.66666666666666,89.33333333333334,0.0,90.0
166,DEB,LHDC,Debrecen International Airport,Debrecen,Hungary,10000000,0,0,,0.0,166,66.66666666666666,89.33333333333334,27.6,90.0
167,PSR,LIBP,Pescara International Airport,Pescara,Italy,10000000,0,0,,0.0,167,66.66666666666666,84.0,29.655172413793107,70.0
168,MXP,LIMC,Malpensa International Airport,Milano,Italy,10000000,0,0,,0.0,168,33.33333333333333,84.0,27.6,70.0
169,BGY,LIME,Il Caravaggio International Airport,Bergamo,Italy,10000000,0,0,,0.0,169,66.66666666666666,87.33333333333334,22.714285714285715,80.0
170,ALL,LIMG,Villanova D'Albenga International Airport,Albenga,Italy,10000000,0,0,,0.0,170,0.0,92.33333333333334,10.560975609756099,80.0
171,CUF,LIMZ,Cuneo International Airport,Cuneo,Italy,10000000,0,0,,0.0,171,33.33333333333333,89.33333333333334,33.77777777777778,90.0
172,RMI,LIPR,Federico Fellini International Airport,Rimini,Italy,10000000,0,0,,0.0,172,0.0,87.33333333333334,16.68421052631579,80.0
173,CIA,LIRA,Ciampino–G. B. Pastine International Airport,Rome,Italy,10000000,0,0,,0.0,173,0.0,90.0,0.0,90.0
174,NAP,LIRN,Naples International Airport,Naples,Italy,10000000,0,0,,0.0,174,33.33333333333333,89.33333333333334,31.571428571428573,90.0
175,PSA,LIRP,Pisa International Airport,Pisa,Italy,10000000,0,0,,0.0,175,66.66666666666666,87.33333333333334,35.69230769230769,80.0
176,PEG,LIRZ,Perugia San Francesco d'Assisi – Umbria International Airport,Perugia,Italy,10000000,0,0,,0.0,176,66.66666666666666,89.33333333333334,0.0,90.0
177,KLV,LKKV,Karlovy Vary International Airport,Karlovy Vary,Czech Republic,10000000,0,0,,0.0,177,66.66666666666666,84.0,19.647058823529413,70.0
178,TLV,LLBG,Ben Gurion International Airport,Tel-aviv,Israel,10000000,0,0,,0.0,178,66.66666666666666,84.0,23.625,70.0
179,HFA,LLHA,Haifa International Airport,Haifa,Israel,10000000,0,0,,0.0,179,66.66666666666666,87.33333333333334,33.77777777777778,80.0
180,VDA,LLOV,Ovda International Airport,Ovda,Israel,10000000,0,0,,0.0,180,66.66666666666666,87.33333333333334,35.69230769230769,80.0
181,MLA,LMML,Malta International Airport,Malta,Malta,10000000,0,0,,0.0,181,0.0,87.33333333333334,33.62962962962963,80.0
182,VIE,LOWW,Vienna International Airport,Vienna,Austria,10000000,0,0,,0.0,182,33.33333333333333,90.0,36.714285714285715,90.0
183,OMO,LQMO,Mostar International Airport,Mostar,Bosnia and Herzegovina,10000000,0,0,,0.0,183,0.0,100.0,31.571428571428573,90.0
184,SJJ,LQSA,Sarajevo International Airport,Sarajevo,Bosnia and Herzegovina,10000000,0,0,,0.0,184,33.33333333333333,89.0,27.733333333333334,70.0
185,ARW,LRAR,Arad International Airport,Arad,Romania,10000000,0,0,,0.0,185,0.0,87.33333333333334,35.69230769230769,80.0
186,BBU,LRBS,Băneasa International Airport,Bucharest,Romania,10000000,0,0,,0.0,186,66.66666666666666,92.33333333333334,27.655172413793103,80.0
187,CND,LRCK,Mihail Kogălniceanu International Airport,Constanta,Romania,10000000,0,0,,0.0,187,33.33333333333333,84.0,1.6585365853658551,70.0
188,CLJ,LRCL,Cluj-Napoca International Airport,Cluj-napoca,Romania,10000000,0,0,,0.0,188,0.0,84.0,21.575757575757574,70.0
189,OMR,LROD,Oradea International Airport,Oradea,Romania,10000000,0,0,,0.0,189,0.0,87.33333333333334,31.857142857142858,80.0
190,OTP,LROP,Henri Coandă International Airport,Bucharest,Romania,10000000,0,0,,0.0,190,66.66666666666666,87.33333333333334,17.529411764705884,80.0
191,SBZ,LRSB,Sibiu International Airport,Sibiu,Romania,10000000,0,0,,0.0,191,100.0,84.0,33.77777777777778,70.0
192,TGM,LRTM,Transilvania Târgu Mureş International Airport,Tirgu Mures,Romania,10000000,0,0,,0.0,192,66.66666666666666,84.0,1.4782608695652186,70.0
193,GVA,LSGG,Geneva Cointrin International Airport,Geneva,Switzerland,10000000,0,0,,0.0,193,66.66666666666666,87.33333333333334,11.621621621621623,80.0
194,ESB,LTAC,Esenboğa International Airport,Ankara,Turkey,10000000,0,0,,0.0,194,66.66666666666666,87.33333333333334,27.733333333333334,80.0
195,AYT,LTAI,Antalya International Airport,Antalya,Turkey,10000000,0,0,,0.0,195,33.33333333333333,90.0,29.79310344827586,90.0
196,GZT,LTAJ,Gaziantep International Airport,Gaziantep,Turkey,10000000,0,0,,0.0,196,100.0,84.0,25.67741935483871,70.0
197,ISL,LTBA,Atatürk International Airport,Istanbul,Turkey,10000000,0,0,,0.0,197,33.33333333333333,87.33333333333334,25.51724137931035,80.0
198,ADB,LTBJ,Adnan Menderes International Airport,Izmir,Turkey,10000000,0,0,,0.0,198,66.66666666666666,87.33333333333334,15.555555555555554,80.0
199,DLM,LTBS,Dalaman International Airport,Dalaman,Turkey,10000000,0,0,,0.0,199,33.33333333333333,84.0,29.655172413793107,70.0
200,ERZ,LTCE,Erzurum International Airport,Erzurum,Turkey,10000000,0,0,,0.0,200,33.33333333333333,87.33333333333334,29.655172413793107,80.0
201,TZX,LTCG,Trabzon International Airport,Trabzon,Turkey,10000000,0,0,,0.0,201,66.66666666666666,84.0,39.51724137931035,70.0
202,BZY,LUBL,Bălți International Airport,Saltsy,Moldova,10000000,0,0,,0.0,202,66.66666666666666,87.33333333333334,29.48148148148148,80.0
203,KIV,LUKK,Chişinău International Airport,Chisinau,Moldova,10000000,0,0,,0.0,203,66.66666666666666,89.33333333333334,27.6,90.0
204,PRN,BKPR,Priština International Airport,Pristina,Serbia,10000000,0,0,,0.0,204,33.33333333333333,84.0,27.6,70.0
205,BRX,MDBH,Maria Montez International Airport,Barahona,Dominican Republic,10000000,0,0,,0.0,205,33.33333333333333,84.0,19.647058823529413,70.0
206,LRM,MDLR,Casa De Campo International Airport,La Romana,Dominican Republic,10000000,0,0,,0.0,206,0.0,84.0,17.6,70.0
207,PUJ,MDPC,Punta Cana International Airport,Punta Cana,Dominican Republic,10000000,0,0,,0.0,207,33.33333333333333,89.33333333333334,23.625,90.0
208,POP,MDPP,Gregorio Luperon International Airport,Puerto Plata,Dominican Republic,10000000,0,0,,0.0,208,66.66666666666666,99.33333333333334,11.684210526315791,90.0
209,SDQ,MDSD,Las Américas International Airport,Santo Domingo,Dominican Republic,10000000,0,0,,0.0,209,66.66666666666666,84.0,17.529411764705884,70.0
210,STI,MDST,Cibao International Airport,Santiago,Dominican Republic,10000000,0,0,,0.0,210,66.66666666666666,87.33333333333334,33.77777777777778,80.0
211,LCE,MHLC,Goloson International Airport,La Ceiba,Honduras,10000000,0,0,,0.0,211,0.0,87.33333333333334,29.655172413793107,80.0
212,SAP,MHLM,Ramón Villeda Morales International Airport,San Pedro Sula,Honduras,10000000,0,0,,0.0,212,66.66666666666666,89.33333333333334,4.488372093023257,90.0
213,RTB,MHRO,Juan Manuel Galvez International Airport,Roatan,Honduras,10000000,0,0,,0.0,213,66.66666666666666,84.0,7.600000000000001,70.0
214,TGU,MHTG,Toncontín International Airport,Tegucigalpa,Honduras,10000000,0,0,,0.0,214,66.66666666666666,87.33333333333334,31.41935483870968,80.0
215,KIN,MKJP,Norman Manley International Airport,Kingston,Jamaica,10000000,0,0,,0.0,215,33.33333333333333,89.33333333333334,17.6,90.0
216,MBJ,MKJS,Sangster International Airport,Montego Bay,Jamaica,10000000,0,0,,0.0,216,33.33333333333333,84.0,23.46666666666667,70.0
217,ACA,MMAA,General Juan N Alvarez International Airport,Acapulco,Mexico,10000000,0,0,,0.0,217,0.0,100.0,0.0,90.0
218,NTR,MMAN,Del Norte International Airport,Monterrey,Mexico,10000000,0,0,,0.0,218,33.33333333333333,84.0,25.548387096774196,70.0
219,AGU,MMAS,Jesús Terán Paredo International Airport,Aguascalientes,Mexico,10000000,0,0,,0.0,219,33.33333333333333,90.0,5.4,90.0
220,HUX,MMBT,Bahías de Huatulco International Airport,Huatulco,Mexico,10000000,0,0,,0.0,220,33.33333333333333,89.33333333333334,7.600000000000001,90.0
221,ACN,MMCC,Ciudad Acuña New International Airport,Ciudad Acuna,Mexico,10000000,0,0,,0.0,221,0.0,87.33333333333334,11.684210526315791,80.0
222,CME,MMCE,Ciudad del Carmen International Airport,Ciudad Del Carmen,Mexico,10000000,0,0,,0.0,222,0.0,87.33333333333334,9.53846153846154,80.0
223,CUL,MMCL,Bachigualato Federal International Airport,Culiacan,Mexico,10000000,0,0,,0.0,223,0.0,89.33333333333334,3.7142857142857153,90.0
224,CTM,MMCM,Chetumal International Airport,Chetumal,Mexico,10000000,0,0,,0.0,224,33.33333333333333,84.0,27.6,70.0
225,CEN,MMCN,Ciudad Obregón International Airport,Ciudad Obregon,Mexico,10000000,0,0,,0.0,225,0.0,89.33333333333334,13.555555555555555,90.0
226,CPE,MMCP,Ingeniero Alberto Acuña Ongay International Airport,Campeche,Mexico,10000000,0,0,,0.0,226,33.33333333333333,87.33333333333334,0.0,80.0
227,CJS,MMCS,Abraham González International Airport,Ciudad Juarez,Mexico,10000000,0,0,,0.0,227,33.33333333333333,84.0,7.473684210526315,70.0
228,CUU,MMCU,General Roberto Fierro Villalobos International Airport,Chihuahua,Mexico,10000000,0,0,,0.0,228,0.0,95.0,0.0,90.0
229,CVM,MMCV,General Pedro Jose Mendez International Airport,Ciudad Victoria,Mexico,10000000,0,0,,0.0,229,33.33333333333333,84.0,0.0,70.0
230,CZM,MMCZ,Cozumel International Airport,Cozumel,Mexico,10000000,0,0,,0.0,230,33.33333333333333,84.0,29.655172413793107,70.0
231,DGO,MMDO,General Guadalupe Victoria International Airport,Durango,Mexico,10000000,0,0,,0.0,231,66.66666666666666,87.33333333333334,0.0,80.0
232,ESE,MMES,Ensenada International Airport,Ensenada,Mexico,10000000,0,0,,0.0,232,33.33333333333333,100.0,27.733333333333334,90.0
233,GDL,MMGL,Don Miguel Hidalgo Y Costilla International Airport,Guadalajara,Mexico,10000000,0,0,,0.0,233,66.66666666666666,84.0,0.0,70.0
234,GYM,MMGM,General José María Yáñez International Airport,Guaymas,Mexico,10000000,0,0,,0.0,234,33.33333333333333,89.33333333333334,0.0,90.0
235,HMO,MMHO,General Ignacio P. Garcia International Airport,Hermosillo,Mexico,10000000,0,0,,0.0,235,33.33333333333333,87.33333333333334,0.0,80.0
236,SLW,MMIO,Plan De Guadalupe International Airport,Saltillo,Mexico,10000000,0,0,,0.0,236,33.33333333333333,84.0,9.641025641025642,70.0
237,LMM,MMLM,Valle del Fuerte International Airport,Los Mochis,Mexico,10000000,0,0,,0.0,237,0.0,89.0,16.57894736842105,70.0
238,BJX,MMLO,Del Bajío International Airport,Del Bajio,Mexico,10000000,0,0,,0.0,238,33.33333333333333,84.0,25.548387096774196,70.0
239,LAP,MMLP,Manuel Márquez de León International Airport,La Paz,Mexico,10000000,0,0,,0.0,239,33.33333333333333,89.33333333333334,0.0,90.0
240,LTO,MMLT,Loreto International Airport,Loreto,Mexico,10000000,0,0,,0.0,240,33.33333333333333,87.33333333333334,31.714285714285715,80.0
241,MAM,MMMA,General Servando Canales International Airport,Matamoros,Mexico,10000000,0,0,,0.0,241,0.0,99.33333333333334,0.0,90.0
242,MXL,MMML,General Rodolfo Sánchez Taboada International Airport,Mexicali,Mexico,10000000,0,0,,0.0,242,0.0,84.0,0.0,70.0
243,MLM,MMMM,General Francisco J. Mujica International Airport,Morelia,Mexico,10000000,0,0,,0.0,243,0.0,94.0,0.0,70.0
244,LOV,MMMV,Monclova International Airport,Monclova,Mexico,10000000,0,0,,0.0,244,33.33333333333333,89.33333333333334,25.6,90.0
245,MEX,MMMX,Licenciado Benito Juarez International Airport,Mexico City,Mexico,10000000,0,0,,0.0,245,0.0,89.33333333333334,0.0,90.0
246,MTY,MMMY,General Mariano Escobedo International Airport,Monterrey,Mexico,10000000,0,0,,0.0,246,33.33333333333333,87.33333333333334,0.0,80.0
247,MZT,MMMZ,General Rafael Buelna International Airport,Mazatlan,Mexico,10000000,0,0,,0.0,247,66.66666666666666,84.0,1.6744186046511622,70.0
248,NOG,MMNG,Nogales International Airport,Nogales,Mexico,10000000,0,0,,0.0,248,33.33333333333333,89.33333333333334,29.655172413793107,90.0
249,NLD,MMNL,Quetzalcóatl International Airport,Nuevo Laredo,Mexico,10000000,0,0,,0.0,249,33.33333333333333,84.0,17.529411764705884,70.0
250,OAX,MMOX,Xoxocotlán International Airport,Oaxaca,Mexico,10000000,0,0,,0.0,250,0.0,90.0,19.5,90.0
251,PBC,MMPB,Hermanos Serdán International Airport,Puebla,Mexico,10000000,0,0,,0.0,251,66.66666666666666,84.0,9.405405405405407,70.0
252,PPE,MMPE,Mar de Cortés International Airport,Punta Penasco,Mexico,10000000,0,0,,0.0,252,66.66666666666666,92.33333333333334,13.371428571428574,80.0
253,PDS,MMPG,Piedras Negras International Airport,Piedras Negras,Mexico,10000000,0,0,,0.0,253,100.0,84.0,15.555555555555554,70.0
254,PVR,MMPR,Licenciado Gustavo Díaz Ordaz International Airport,Puerto Vallarta,Mexico,10000000,0,0,,0.0,254,66.66666666666666,84.0,0.0,70.0
255,PXM,MMPS,Puerto Escondido International Airport,Puerto Escondido,Mexico,10000000,0,0,,0.0,255,33.33333333333333,84.0,11.684210526315791,70.0
256,REX,MMRX,General Lucio Blanco International Airport,Reynosa,Mexico,10000000,0,0,,0.0,256,0.0,89.33333333333334,3.6190476190476204,90.0
257,SJD,MMSD,Los Cabos International Airport,San Jose Del Cabo,Mexico,10000000,0,0,,0.0,257,66.66666666666666,84.0,25.548387096774196,70.0
258,SFH,MMSF,San Felipe International Airport,San Filipe,Mexico,10000000,0,0,,0.0,258,100.0,84.0,23.625,70.0
259,SLP,MMSP,Ponciano Arriaga International Airport,San Luis Potosi,Mexico,10000000,0,0,,0.0,259,66.66666666666666,84.0,16.789473684210527,70.0
260,TRC,MMTC,Francisco Sarabia International Airport,Torreon,Mexico,10000000,0,0,,0.0,260,33.33333333333333,84.0,9.641025641025642,70.0
261,TGZ,MMTG,Angel Albino Corzo International Airport,Tuxtla Gutierrez,Mexico,10000000,0,0,,0.0,261,100.0,84.0,7.600000000000001,70.0
262,TIJ,MMTJ,General Abelardo L. Rodríguez International Airport,Tijuana,Mexico,10000000,0,0,,0.0,262,33.33333333333333,89.33333333333334,0.0,90.0
263,TAM,MMTM,General Francisco Javier Mina International Airport,Tampico,Mexico,10000000,0,0,,0.0,263,33.33333333333333,89.33333333333334,0.0,90.0
264,TLC,MMTO,Licenciado Adolfo Lopez Mateos International Airport,Toluca,Mexico,10000000,0,0,,0.0,264,33.33333333333333,84.0,0.0,70.0
265,TAP,MMTP,Tapachula International Airport,Tapachula,Mexico,10000000,0,0,,0.0,265,66.66666666666666,89.33333333333334,35.67741935483871,90.0
266,CUN,MMUN,Cancún International Airport,Cancun,Mexico,10000000,0,0,,0.0,266,0.0,89.33333333333334,27.42857142857143,90.0
267,VSA,MMVA,Carlos Rovirosa Pérez International Airport,Villahermosa,Mexico,10000000,0,0,,0.0,267,66.66666666666666,87.33333333333334,0.0,80.0
268,VER,MMVR,General Heriberto Jara International Airport,Vera Cruz,Mexico,10000000,0,0,,0.0,268,33.33333333333333,89.33333333333334,0.0,90.0
269,ZCL,MMZC,General Leobardo C. Ruiz International Airport,Zacatecas,Mexico,10000000,0,0,,0.0,269,33.33333333333333,84.0,0.0,70.0
270,ZIH,MMZH,Ixtapa Zihuatanejo International Airport,Zihuatanejo,Mexico,10000000,0,0,,0.0,270,66.66666666666666,89.33333333333334,7.800000000000001,90.0
271,ZLO,MMZO,Playa De Oro International Airport,Manzanillo,Mexico,10000000,0,0,,0.0,271,33.33333333333333,87.33333333333334,19.764705882352942,80.0
272,MGA,MNMG,Augusto C. Sandino (Managua) International Airport,Managua,Nicaragua,10000000,0,0,,0.0,272,33.33333333333333,87.33333333333334,0.0,80.0
273,BOC,MPBO,Bocas Del Toro International Airport,Bocas Del Toro,Panama,10000000,0,0,,0.0,273,33.33333333333333,89.33333333333334,15.555555555555554,90.0
274,CHX,MPCH,Cap Manuel Niño International Airport,Changuinola,Panama,10000000,0,0,,0.0,274,33.33333333333333,84.0,13.621621621621625,70.0
275,DAV,MPDA,Enrique Malek International Airport,David,Panama,10000000,0,0,,0.0,275,66.66666666666666,89.33333333333334,17.714285714285715,90.0
276,BLB,MPHO,Panama Pacific International Airport,Howard,Panama,10000000,0,0,,0.0,276,66.66666666666666,94.0,15.666666666666668,70.0
277,PAC,MPMG,Marcos A. Gelabert International Airport,Panama,Panama,10000000,0,0,,0.0,277,33.33333333333333,89.33333333333334,7.5,90.0
278,PTY,MPTO,Tocumen International Airport,Panama City,Panama,10000000,0,0,,0.0,278,66.66666666666666,87.33333333333334,39.65517241379311,80.0
279,LIR,MRLB,Daniel Oduber Quiros International Airport,Liberia,Costa Rica,10000000,0,0,,0.0,279,0.0,89.33333333333334,3.7142857142857153,90.0
280,LIO,MRLM,Limon International Airport,Limon,Costa Rica,10000000,0,0,,0.0,280,0.0,90.0,33.62962962962963,90.0
281,SJO,MROC,Juan Santamaria International Airport,San Jose,Costa Rica,10000000,0,0,,0.0,281,33.33333333333333,87.33333333333334,13.72972972972973,80.0
282,SAL,MSLP,Monseñor Óscar Arnulfo Romero International Airport,San Salvador,El Salvador,10000000,0,0,,0.0,282,33.33333333333333,89.33333333333334,0.0,90.0
283,CAP,MTCH,Cap Haitien International Airport,Cap Haitien,Haiti,10000000,0,0,,0.0,283,33.33333333333333,89.33333333333334,21.6969696969697,90.0
284,PAP,MTPP,Toussaint Louverture International Airport,Port-au-prince,Haiti,10000000,0,0,,0.0,284,66.66666666666666,99.33333333333334,18.714285714285715,90.0
285,CYO,MUCL,Vilo Acuña International Airport,Cayo Largo del Sur,Cuba,10000000,0,0,,0.0,285,0.0,90.0,23.75,90.0
286,CMW,MUCM,Ignacio Agramonte International Airport,Camaguey,Cuba,10000000,0,0,,0.0,286,0.0,84.0,9.743589743589745,70.0
287,SCU,MUCU,Antonio Maceo International Airport,Santiago De Cuba,Cuba,10000000,0,0,,0.0,287,33.33333333333333,87.33333333333334,17.82857142857143,80.0
288,HAV,MUHA,José Martí International Airport,Havana,Cuba,10000000,0,0,,0.0,288,66.66666666666666,89.33333333333334,21.375,90.0
289,HOG,MUHG,Frank Pais International Airport,Holguin,Cuba,10000000,0,0,,0.0,289,66.66666666666666,89.33333333333334,23.5,90.0
290,VRA,MUVR,Juan Gualberto Gomez International Airport,Varadero,Cuba,10000000,0,0,,0.0,290,33.33333333333333,87.33333333333334,3.6190476190476204,80.0
291,CYB,MWCB,Gerrard Smith International Airport,Cayman Brac,Cayman Islands,10000000,0,0,,0.0,291,33.33333333333333,89.33333333333334,22.371428571428574,90.0
292,GCM,MWCR,Owen Roberts International Airport,Georgetown,Cayman Islands,10000000,0,0,,0.0,292,33.33333333333333,84.0,17.529411764705884,70.0
293,MHH,MYAM,Leonard M Thompson International Airport,Marsh Harbor,Bahamas,10000000,0,0,,0.0,293,66.66666666666666,89.0,5.4,70.0
294,GGT,MYEF,Exuma International Airport,Great Exuma,Bahamas,10000000,0,0,,0.0,294,100.0,89.0,33.77777777777778,70.0
295,FPO,MYGF,Grand Bahama International Airport,Freeport,Bahamas,10000000,0,0,,0.0,295,66.66666666666666,87.33333333333334,19.52941176470588,80.0
296,NAS,MYNN,Lynden Pindling International Airport,Nassau,Bahamas,10000000,0,0,,0.0,296,33.33333333333333,89.33333333333334,11.405405405405407,90.0
297,BZE,MZBZ,Philip S. W. Goldson International Airport,Belize City,Belize,10000000,0,0,,0.0,297,66.66666666666666,87.33333333333334,1.238095238095239,80.0
298,RAR,NCRG,Rarotonga International Airport,Avarua,Cook Islands,10000000,0,0,,0.0,298,0.0,99.33333333333334,25.67741935483871,90.0
299,NAN,NFFN,Nadi International Airport,Nandi,Fiji,10000000,0,0,,0.0,299,0.0,99.33333333333334,35.69230769230769,90.0
300,SUV,NFNA,Nausori International Airport,Nausori,Fiji,10000000,0,0,,0.0,300,66.66666666666666,89.33333333333334,29.79310344827586,90.0
301,TBU,NFTF,Fua'amotu International Airport,Tongatapu,Tonga,10000000,0,0,,0.0,301,66.66666666666666,87.33333333333334,25.806451612903228,80.0
302,VAV,NFTV,Vava'u International Airport,Vava'u,Tonga,10000000,0,0,,0.0,302,66.66666666666666,99.33333333333334,31.714285714285715,90.0
303,TRW,NGTA,Bonriki International Airport,Tarawa,Kiribati,10000000,0,0,,0.0,303,33.33333333333333,84.0,29.655172413793107,70.0
304,APW,NSFA,Faleolo International Airport,Faleolo,Samoa,10000000,0,0,,0.0,304,33.33333333333333,87.33333333333334,29.79310344827586,80.0
305,PPG,NSTU,Pago Pago International Airport,Pago Pago,American Samoa,10000000,0,0,,0.0,305,100.0,89.0,25.67741935483871,70.0
306,VLI,NVVV,Bauerfield International Airport,Port-vila,Vanuatu,10000000,0,0,,0.0,306,33.33333333333333,87.33333333333334,23.75,80.0
307,NOU,NWWW,La Tontouta International Airport,Noumea,New Caledonia,10000000,0,0,,0.0,307,0.0,90.0,21.6969696969697,90.0
308,AKL,NZAA,Auckland International Airport,Auckland,New Zealand,10000000,0,0,,0.0,308,33.33333333333333,87.33333333333334,25.6,80.0
309,CHC,NZCH,Christchurch International Airport,Christchurch,New Zealand,10000000,0,0,,0.0,309,33.33333333333333,94.0,15.294117647058824,70.0
310,HLZ,NZHN,Hamilton International Airport,Hamilton,New Zealand,10000000,0,0,,0.0,310,66.66666666666666,84.0,27.6,70.0
311,ZQN,NZQN,Queenstown International Airport,Queenstown International,New Zealand,10000000,0,0,,0.0,311,33.33333333333333,84.0,26.625,70.0
312,WLG,NZWN,Wellington International Airport,Wellington,New Zealand,10000000,0,0,,0.0,312,33.33333333333333,84.0,26.5,70.0
313,KBL,OAKB,Hamid Karzai International Airport,Kabul,Afghanistan,10000000,0,0,,0.0,313,66.66666666666666,84.0,19.647058823529413,70.0
314,BAH,OBBI,Bahrain International Airport,Bahrain,Bahrain,10000000,0,0,,0.0,314,66.66666666666666,89.33333333333334,29.655172413793107,90.0
315,DMM,OEDF,King Fahd International Airport,Dammam,Saudi Arabia,10000000,0,0,,0.0,315,33.33333333333333,89.0,25.419354838709676,70.0
316,JED,OEJN,King Abdulaziz International Airport,Jeddah,Saudi Arabia,10000000,0,0,,0.0,316,33.33333333333333,89.33333333333334,15.555555555555554,90.0
317,RUH,OERK,King Khaled International Airport,Riyadh,Saudi Arabia,10000000,0,0,,0.0,317,33.33333333333333,89.33333333333334,21.454545454545457,90.0
318,KIH,OIBK,Kish International Airport,Kish Island,Iran,10000000,0,0,,0.0,318,66.66666666666666,89.33333333333334,35.53846153846154,90.0
319,IFN,OIFM,Esfahan Shahid Beheshti International Airport,Esfahan,Iran,10000000,0,0,,0.0,319,33.33333333333333,87.33333333333334,0.0,80.0
320,THR,OIII,Mehrabad International Airport,Teheran,Iran,10000000,0,0,,0.0,320,66.66666666666666,84.0,27.6,70.0
321,BND,OIKB,Bandar Abbas International Airport,Bandar Abbas,Iran,10000000,0,0,,0.0,321,66.66666666666666,84.0,24.52941176470588,70.0
322,SYZ,OISS,Shiraz Shahid Dastghaib International Airport,Shiraz,Iran,10000000,0,0,,0.0,322,66.66666666666666,89.33333333333334,0.0,90.0
323,TBZ,OITT,Tabriz International Airport,Tabriz,Iran,10000000,0,0,,0.0,323,100.0,84.0,41.57142857142857,70.0
324,ZAH,OIZH,Zahedan International Airport,Zahedan,Iran,10000000,0,0,,0.0,324,66.66666666666666,89.33333333333334,29.655172413793107,90.0
325,AMM,OJAI,Queen Alia International Airport,Amman,Jordan,10000000,0,0,,0.0,325,0.0,92.33333333333334,28.875,80.0
326,ADJ,OJAM,Amman-Marka International Airport,Amman,Jordan,10000000,0,0,,0.0,326,33.33333333333333,87.33333333333334,26.575757575757574,80.0
327,AQJ,OJAQ,Aqaba King Hussein International Airport,Aqaba,Jordan,10000000,0,0,,0.0,327,0.0,87.33333333333334,12.600000000000001,80.0
328,KWI,OKBK,Kuwait International Airport,Kuwait,Kuwait,10000000,0,0,,0.0,328,33.33333333333333,87.33333333333334,31.714285714285715,80.0
329,BEY,OLBA,Beirut Rafic Hariri International Airport,Beirut,Lebanon,10000000,0,0,,0.0,329,33.33333333333333,90.0,5.658536585365855,90.0
330,AUH,OMAA,Abu Dhabi International Airport,Abu Dhabi,United Arab Emirates,10000000,0,0,,0.0,330,33.33333333333333,90.0,25.67741935483871,90.0
331,FJR,OMFJ,Fujairah International Airport,Fujeirah,United Arab Emirates,10000000,0,0,,0.0,331,33.33333333333333,84.0,27.733333333333334,70.0
332,RKT,OMRK,Ras Al Khaimah International Airport,Ras Al Khaimah,United Arab Emirates,10000000,0,0,,0.0,332,66.66666666666666,84.0,15.555555555555554,70.0
333,SHJ,OMSJ,Sharjah International Airport,Sharjah,United Arab Emirates,10000000,0,0,,0.0,333,66.66666666666666,84.0,29.517241379310345,70.0
334,MCT,OOMS,Muscat International Airport,Muscat,Oman,10000000,0,0,,0.0,334,33.33333333333333,84.0,31.571428571428573,70.0
335,LYP,OPFA,Faisalabad International Airport,Faisalabad,Pakistan,10000000,0,0,,0.0,335,33.33333333333333,89.33333333333334,23.75,90.0
336,GWD,OPGD,Gwadar International Airport,Gwadar,Pakistan,10000000,0,0,,0.0,336,66.66666666666666,84.0,31.571428571428573,70.0
337,KHI,OPKC,Jinnah International Airport,Karachi,Pakistan,10000000,0,0,,0.0,337,66.66666666666666,87.33333333333334,36.57142857142857,80.0
338,LHE,OPLA,Alama Iqbal International Airport,Lahore,Pakistan,10000000,0,0,,0.0,338,33.33333333333333,87.33333333333334,21.6969696969697,80.0
339,MUX,OPMT,Multan International Airport,Multan,Pakistan,10000000,0,0,,0.0,339,0.0,89.33333333333334,31.571428571428573,90.0
340,PEW,OPPS,Peshawar International Airport,Peshawar,Pakistan,10000000,0,0,,0.0,340,33.33333333333333,89.33333333333334,27.6,90.0
341,UET,OPQT,Quetta International Airport,Quetta,Pakistan,10000000,0,0,,0.0,341,33.33333333333333,90.0,36.714285714285715,90.0
342,BSR,ORMM,Basrah International Airport,Basrah,Iraq,10000000,0,0,,0.0,342,66.66666666666666,84.0,31.571428571428573,70.0
343,ALP,OSAP,Aleppo International Airport,Aleppo,Syria,10000000,0,0,,0.0,343,33.33333333333333,87.33333333333334,36.714285714285715,80.0
344,DAM,OSDI,Damascus International Airport,Damascus,Syria,10000000,0,0,,0.0,344,33.33333333333333,89.33333333333334,27.6,90.0
345,LTK,OSLK,Bassel Al-Assad International Airport,Latakia,Syria,10000000,0,0,,0.0,345,66.66666666666666,84.0,18.513513513513512,70.0
346,DIA,OTBD,Doha International Airport,Doha,Qatar,10000000,0,0,,0.0,346,33.33333333333333,90.0,35.69230769230769,90.0
347,ROP,PGRO,Rota International Airport,Rota,Northern Mariana Islands,10000000,0,0,,0.0,347,33.33333333333333,89.33333333333334,35.69230769230769,90.0
348,SPN,PGSN,Saipan International Airport,Saipan,Northern Mariana Islands,10000000,0,0,,0.0,348,66.66666666666666,84.0,31.714285714285715,70.0
349,GUM,PGUM,Antonio B. Won Pat International Airport,Agana,Guam,10000000,0,0,,0.0,349,33.33333333333333,89.33333333333334,7.5,90.0
350,TIQ,PGWT,Tinian International Airport,West Tinian,Northern Mariana Islands,10000000,0,0,,0.0,350,33.33333333333333,89.33333333333334,41.714285714285715,90.0
351,MAJ,PKMJ,Marshall Islands International Airport,Majuro,Marshall Islands,10000000,0,0,,0.0,351,0.0,89.33333333333334,14.368421052631579,90.0
352,CXI,PLCH,Cassidy International Airport,Kiritimati,Kiribati,10000000,0,0,,0.0,352,0.0,87.33333333333334,34.65517241379311,80.0
353,TKK,PTKK,Chuuk International Airport,Chuuk,Micronesia,10000000,0,0,,0.0,353,100.0,89.0,38.62962962962963,70.0
354,PNI,PTPN,Pohnpei International Airport,Pohnpei,Micronesia,10000000,0,0,,0.0,354,33.33333333333333,87.33333333333334,27.655172413793103,80.0
355,KSA,PTSA,Kosrae International Airport,Kosrae,Micronesia,10000000,0,0,,0.0,355,66.66666666666666,87.33333333333334,31.714285714285715,80.0
356,YAP,PTYA,Yap International Airport,Yap,Micronesia,10000000,0,0,,0.0,356,33.33333333333333,90.0,37.760000000000005,90.0
357,KHH,RCKH,Kaohsiung International Airport,Kaohsiung,Taiwan,10000000,0,0,,0.0,357,100.0,89.0,25.67741935483871,70.0
358,TPE,RCTP,Taiwan Taoyuan International Airport,Taipei,Taiwan,10000000,0,0,,0.0,358,66.66666666666666,87.33333333333334,25.88888888888889,80.0
359,NRT,RJAA,Narita International Airport,Tokyo,Japan,10000000,0,0,,0.0,359,33.33333333333333,84.0,31.714285714285715,70.0
360,ITM,RJOO,Osaka International Airport,Osaka,Japan,10000000,0,0,,0.0,360,33.33333333333333,87.33333333333334,33.77777777777778,80.0
361,CJU,RKPC,Jeju International Airport,Cheju,South Korea,10000000,0,0,,0.0,361,0.0,87.33333333333334,35.69230769230769,80.0
362,PUS,RKPK,Gimhae International Airport,Busan,South Korea,10000000,0,0,,0.0,362,66.66666666666666,89.33333333333334,31.714285714285715,90.0
363,GMP,RKSS,Gimpo International Airport,Seoul,South Korea,10000000,0,0,,0.0,363,66.66666666666666,84.0,33.62962962962963,70.0
364,MNL,RPLL,Ninoy Aquino International Airport,Manila,Philippines,10000000,0,0,,0.0,364,0.0,84.0,19.88235294117647,70.0
365,GES,RPMR,General Santos International Airport,Romblon,Philippines,10000000,0,0,,0.0,365,66.66666666666666,89.33333333333334,15.555555555555554,90.0
366,ZAM,RPMZ,Zamboanga International Airport,Zamboanga,Philippines,10000000,0,0,,0.0,366,33.33333333333333,89.33333333333334,25.67741935483871,90.0
367,ILO,RPVI,Iloilo International Airport,Iloilo,Philippines,10000000,0,0,,0.0,367,0.0,90.0,31.857142857142858,90.0
368,KLO,RPVK,Kalibo International Airport,Kalibo,Philippines,10000000,0,0,,0.0,368,33.33333333333333,87.33333333333334,31.714285714285715,80.0
369,RES,SARE,Resistencia International Airport,Resistencia,Argentina,10000000,0,0,,0.0,369,33.33333333333333,89.33333333333334,21.6969696969697,90.0
370,IGR,SARI,Cataratas Del Iguazú International Airport,Iguazu Falls,Argentina,10000000,0,0,,0.0,370,33.33333333333333,87.33333333333334,3.6190476190476204,80.0
371,SLA,SASA,Martin Miguel De Guemes International Airport,Salta,Argentina,10000000,0,0,,0.0,371,33.33333333333333,87.33333333333334,0.0,80.0
372,JUJ,SASJ,Gobernador Horacio Guzman International Airport,Jujuy,Argentina,10000000,0,0,,0.0,372,0.0,99.33333333333334,0.0,90.0
373,RGA,SAWE,Hermes Quijada International Airport,Rio Grande,Argentina,10000000,0,0,,0.0,373,33.33333333333333,87.33333333333334,15.666666666666668,80.0
374,MDQ,SAZM,Ástor Piazzola International Airport,Mar Del Plata,Argentina,10000000,0,0,,0.0,374,33.33333333333333,84.0,18.555555555555557,70.0
375,BEL,SBBE,Val de Cans/Júlio Cezar Ribeiro International Airport,Belem,Brazil,10000000,0,0,,0.0,375,33.33333333333333,89.33333333333334,0.0,90.0
376,BSB,SBBR,Presidente Juscelino Kubistschek International Airport,Brasilia,Brazil,10000000,0,0,,0.0,376,100.0,94.0,0.0,70.0
377,CNF,SBCF,Tancredo Neves International Airport,Belo Horizonte,Brazil,10000000,0,0,,0.0,377,33.33333333333333,84.0,23.555555555555557,70.0
378,CMG,SBCR,Corumbá International Airport,Corumba,Brazil,10000000,0,0,,0.0,378,33.33333333333333,84.0,27.51724137931035,70.0
379,MAO,SBEG,Eduardo Gomes International Airport,Manaus,Brazil,10000000,0,0,,0.0,379,0.0,90.0,17.714285714285715,90.0
380,IGU,SBFI,Cataratas International Airport,Foz Do Iguacu,Brazil,10000000,0,0,,0.0,380,33.33333333333333,90.0,25.67741935483871,90.0
381,FLN,SBFL,Hercílio Luz International Airport,Florianopolis,Brazil,10000000,0,0,,0.0,381,33.33333333333333,84.0,15.529411764705882,70.0
382,FOR,SBFZ,Pinto Martins International Airport,Fortaleza,Brazil,10000000,0,0,,0.0,382,33.33333333333333,89.33333333333334,17.485714285714288,90.0
383,GIG,SBGL,Rio Galeão – Tom Jobim International Airport,Rio De Janeiro,Brazil,10000000,0,0,,0.0,383,66.66666666666666,99.33333333333334,0.0,90.0
384,GRU,SBGR,Guarulhos - Governador André Franco Montoro International Airport,Sao Paulo,Brazil,10000000,0,0,,0.0,384,33.33333333333333,87.33333333333334,0.0,80.0
385,JPA,SBJP,Presidente Castro Pinto International Airport,Joao Pessoa,Brazil,10000000,0,0,,0.0,385,33.33333333333333,87.33333333333334,0.0,80.0
386,VCP,SBKP,Viracopos International Airport,Campinas,Brazil,10000000,0,0,,0.0,386,66.66666666666666,84.0,25.67741935483871,70.0
387,NVT,SBNF,Ministro Victor Konder International Airport,Navegantes,Brazil,10000000,0,0,,0.0,387,66.66666666666666,84.0,0.0,70.0
388,NAT,SBSG,Governador Aluízio Alves International Airport,Natal,Brazil,10000000,0,0,,0.0,388,33.33333333333333,89.33333333333334,0.0,90.0
389,PET,SBPK,João Simões Lopes Neto International Airport,Pelotas,Brazil,10000000,0,0,,0.0,389,66.66666666666666,89.33333333333334,0.0,90.0
390,REC,SBRF,Guararapes - Gilberto Freyre International Airport,Recife,Brazil,10000000,0,0,,0.0,390,0.0,89.33333333333334,0.0,90.0
391,SLZ,SBSL,Marechal Cunha Machado International Airport,Sao Luis,Brazil,10000000,0,0,,0.0,391,66.66666666666666,84.0,0.0,70.0
392,SSA,SBSV,Deputado Luiz Eduardo Magalhães International Airport,Salvador,Brazil,10000000,0,0,,0.0,392,66.66666666666666,92.33333333333334,0.0,80.0
393,SCL,SCEL,Comodoro Arturo Merino Benítez International Airport,Santiago,Chile,10000000,0,0,,0.0,393,33.33333333333333,84.0,0.0,70.0
394,ANF,SCFA,Andrés Sabella Gálvez International Airport,Antofagasta,Chile,10000000,0,0,,0.0,394,33.33333333333333,87.33333333333334,0.3023255813953494,80.0
395,GYE,SEGU,José Joaquín de Olmedo International Airport,Guayaquil,Ecuador,10000000,0,0,,0.0,395,33.33333333333333,90.0,0.0,90.0
396,LTX,SELT,Cotopaxi International Airport,Latacunga,Ecuador,10000000,0,0,,0.0,396,33.33333333333333,84.0,27.733333333333334,70.0
397,MEC,SEMT,Eloy Alfaro International Airport,Manta,Ecuador,10000000,0,0,,0.0,397,0.0,89.33333333333334,21.81818181818182,90.0
398,UIO,SEQM,Mariscal Sucre International Airport,Quito,Ecuador,10000000,0,0,,0.0,398,0.0,90.0,15.555555555555554,100.0
399,ETR,SERO,Santa Rosa International Airport,Santa Rosa,Ecuador,10000000,0,0,,0.0,399,33.33333333333333,87.33333333333334,23.625,80.0
400,ASU,SGAS,Silvio Pettirossi International Airport,Asuncion,Paraguay,10000000,0,0,,0.0,400,33.33333333333333,90.0,14.641025641025642,90.0
401,ESG,SGME,Dr. Luis Maria Argaña International Airport,Mariscal Estigarribia,Paraguay,10000000,0,0,,0.0,401,66.66666666666666,87.33333333333334,1.5813953488372086,80.0
402,BOG,SKBO,El Dorado International Airport,Bogota,Colombia,10000000,0,0,,0.0,402,66.66666666666666,89.33333333333334,25.67741935483871,90.0
403,BAQ,SKBQ,Ernesto Cortissoz International Airport,Barranquilla,Colombia,10000000,0,0,,0.0,403,33.33333333333333,89.33333333333334,14.53846153846154,90.0
404,CUC,SKCC,Camilo Daza International Airport,Cucuta,Colombia,10000000,0,0,,0.0,404,0.0,99.33333333333334,21.6969696969697,90.0
405,CTG,SKCG,Rafael Nuñez International Airport,Cartagena,Colombia,10000000,0,0,,0.0,405,66.66666666666666,84.0,19.647058823529413,70.0
406,CLO,SKCL,Alfonso Bonilla Aragon International Airport,Cali,Colombia,10000000,0,0,,0.0,406,0.0,87.33333333333334,4.636363636363637,80.0
407,LET,SKLT,Alfredo Vásquez Cobo International Airport,Leticia,Colombia,10000000,0,0,,0.0,407,33.33333333333333,89.33333333333334,0.0,90.0
408,PEI,SKPE,Matecaña International Airport,Pereira,Colombia,10000000,0,0,,0.0,408,33.33333333333333,90.0,27.733333333333334,90.0
409,MDE,SKRG,Jose Maria Córdova International Airport,Rio Negro,Colombia,10000000,0,0,,0.0,409,33.33333333333333,87.33333333333334,3.6000000000000014,80.0
410,SMR,SKSM,Simón Bolívar International Airport,Santa Marta,Colombia,10000000,0,0,,0.0,410,33.33333333333333,84.0,15.371428571428574,70.0
411,ADZ,SKSP,Gustavo Rojas Pinilla International Airport,San Andres Island,Colombia,10000000,0,0,,0.0,411,66.66666666666666,87.33333333333334,6.581395348837209,80.0
412,CBB,SLCB,Jorge Wilsterman International Airport,Cochabamba,Bolivia,10000000,0,0,,0.0,412,66.66666666666666,89.0,9.473684210526315,70.0
413,LPB,SLLP,El Alto International Airport,La Paz,Bolivia,10000000,0,0,,0.0,413,66.66666666666666,84.0,29.655172413793107,70.0
414,VVI,SLVR,Viru Viru International Airport,Santa Cruz,Bolivia,10000000,0,0,,0.0,414,66.66666666666666,92.33333333333334,25.67741935483871,80.0
415,PBM,SMJP,Johan Adolf Pengel International Airport,Zandery,Suriname,10000000,0,0,,0.0,415,66.66666666666666,84.0,7.5,70.0
416,PCL,SPCL,Cap FAP David Abenzur Rengifo International Airport,Pucallpa,Peru,10000000,0,0,,0.0,416,33.33333333333333,84.0,0.0,70.0
417,CIX,SPHI,Capitan FAP Jose A Quinones Gonzales International Airport,Chiclayo,Peru,10000000,0,0,,0.0,417,0.0,89.33333333333334,0.0,90.0
418,LIM,SPIM,Jorge Chávez International Airport,Lima,Peru,10000000,0,0,,0.0,418,0.0,89.33333333333334,15.411764705882355,90.0
419,JUL,SPJL,Inca Manco Capac International Airport,Juliaca,Peru,10000000,0,0,,0.0,419,0.0,89.33333333333334,11.578947368421051,90.0
420,IQT,SPQT,Coronel FAP Francisco Secada Vignetta International Airport,Iquitos,Peru,10000000,0,0,,0.0,420,33.33333333333333,87.33333333333334,0.0,80.0
421,AQP,SPQU,Rodríguez Ballón International Airport,Arequipa,Peru,10000000,0,0,,0.0,421,33.33333333333333,87.33333333333334,12.368421052631579,80.0
422,TRU,SPRU,Capitan FAP Carlos Martinez De Pinillos International Airport,Trujillo,Peru,10000000,0,0,,0.0,422,33.33333333333333,87.33333333333334,0.0,80.0
423,PIO,SPSO,Capitán FAP Renán Elías Olivera International Airport,Pisco,Peru,10000000,0,0,,0.0,423,33.33333333333333,90.0,0.0,90.0
424,TCQ,SPTN,Coronel FAP Carlos Ciriani Santa Rosa International Airport,Tacna,Peru,10000000,0,0,,0.0,424,33.33333333333333,84.0,0.0,70.0
425,PEM,SPTU,Padre Aldamiz International Airport,Puerto Maldonado,Peru,10000000,0,0,,0.0,425,33.33333333333333,89.33333333333334,17.6,90.0
426,PIU,SPUR,Capitán FAP Guillermo Concha Iberico International Airport,Piura,Peru,10000000,0,0,,0.0,426,33.33333333333333,90.0,0.0,90.0
427,CUZ,SPZO,Alejandro Velasco Astete International Airport,Cuzco,Peru,10000000,0,0,,0.0,427,33.33333333333333,89.33333333333334,0.0,90.0
428,DZO,SUDU,Santa Bernardina International Airport,Durazno,Uruguay,10000000,0,0,,0.0,428,66.66666666666666,87.33333333333334,11.578947368421051,80.0
429,MVD,SUMU,Carrasco International /General C L Berisso Airport,Montevideo,Uruguay,10000000,0,0,,0.0,429,66.66666666666666,84.0,0.0,70.0
430,STY,SUSO,Nueva Hesperides International Airport,Salto,Uruguay,10000000,0,0,,0.0,430,66.66666666666666,87.33333333333334,11.684210526315791,80.0
431,BLA,SVBC,General José Antonio Anzoategui International Airport,Barcelona,Venezuela,10000000,0,0,,0.0,431,33.33333333333333,87.33333333333334,0.0,80.0
432,BRM,SVBM,Barquisimeto International Airport,Barquisimeto,Venezuela,10000000,0,0,,0.0,432,33.33333333333333,84.0,19.764705882352942,70.0
433,LSP,SVJC,Josefa Camejo International Airport,Paraguana,Venezuela,10000000,0,0,,0.0,433,66.66666666666666,84.0,17.714285714285715,70.0
434,MAR,SVMC,La Chinita International Airport,Maracaibo,Venezuela,10000000,0,0,,0.0,434,0.0,89.33333333333334,23.625,90.0
435,PMV,SVMG,Del Caribe Santiago Mariño International Airport,Porlamar,Venezuela,10000000,0,0,,0.0,435,66.66666666666666,84.0,0.0,70.0
436,CCS,SVMI,Simón Bolívar International Airport,Caracas,Venezuela,10000000,0,0,,0.0,436,33.33333333333333,89.0,15.371428571428574,70.0
437,PBL,SVPC,General Bartolome Salom International Airport,Puerto Cabello,Venezuela,10000000,0,0,,0.0,437,66.66666666666666,84.0,0.0,70.0
438,PZO,SVPR,General Manuel Carlos Piar International Airport,Guayana,Venezuela,10000000,0,0,,0.0,438,66.66666666666666,87.33333333333334,0.0,80.0
439,STD,SVSO,Mayor Buenaventura Vivas International Airport,Santo Domingo,Venezuela,10000000,0,0,,0.0,439,100.0,84.0,0.0,70.0
440,VLN,SVVA,Arturo Michelena International Airport,Valencia,Venezuela,10000000,0,0,,0.0,440,33.33333333333333,84.0,11.684210526315791,70.0
441,ANU,TAPA,V.C. Bird International Airport,Antigua,Antigua and Barbuda,10000000,0,0,,0.0,441,0.0,90.0,25.290322580645164,90.0
442,BGI,TBPB,Sir Grantley Adams International Airport,Bridgetown,Barbados,10000000,0,0,,0.0,442,66.66666666666666,87.33333333333334,5.5,80.0
443,FDF,TFFF,Martinique Aimé Césaire International Airport,Fort-de-france,Martinique,10000000,0,0,,0.0,443,100.0,94.0,0.0,70.0
444,GND,TGPY,Point Salines International Airport,Point Salines,Grenada,10000000,0,0,,0.0,444,66.66666666666666,84.0,17.6,70.0
445,SJU,TJSJ,Luis Munoz Marin International Airport,San Juan,Puerto Rico,10000000,0,0,,0.0,445,33.33333333333333,87.33333333333334,11.578947368421051,80.0
446,SKB,TKPK,Robert L. Bradshaw International Airport,Basse Terre,Saint Kitts and Nevis,10000000,0,0,,0.0,446,100.0,84.0,5.300000000000001,70.0
447,UVF,TLPL,Hewanorra International Airport,Hewandorra,Saint Lucia,10000000,0,0,,0.0,447,66.66666666666666,87.33333333333334,30.67741935483871,80.0
448,AUA,TNCA,Queen Beatrix International Airport,Oranjestad,Aruba,10000000,0,0,,0.0,448,0.0,100.0,22.714285714285715,100.0
449,BON,TNCB,Flamingo International Airport,Kralendijk,Netherlands Antilles,10000000,0,0,,0.0,449,33.33333333333333,89.33333333333334,27.6,90.0
450,CUR,TNCC,Hato International Airport,Willemstad,Netherlands Antilles,10000000,0,0,,0.0,450,0.0,89.33333333333334,35.69230769230769,90.0
451,SXM,TNCM,Princess Juliana International Airport,Philipsburg,Netherlands Antilles,10000000,0,0,,0.0,451,33.33333333333333,84.0,16.57894736842105,70.0
452,AXA,TQPF,Clayton J Lloyd International Airport,The Valley,Anguilla,10000000,0,0,,0.0,452,0.0,100.0,18.513513513513512,90.0
453,POS,TTPP,Piarco International Airport,Port-of-spain,Trinidad and Tobago,10000000,0,0,,0.0,453,66.66666666666666,89.33333333333334,31.714285714285715,90.0
454,EIS,TUPJ,Terrance B. Lettsome International Airport,Tortola,British Virgin Islands,10000000,0,0,,0.0,454,33.33333333333333,90.0,16.42857142857143,90.0
455,SVD,TVSA,Argyle International Airport,Kingstown,Saint Vincent and the Grenadines,10000000,0,0,,0.0,455,100.0,84.0,31.714285714285715,70.0
456,TSE,UACC,Astana International Airport,Tselinograd,Kazakhstan,10000000,0,0,,0.0,456,66.66666666666666,87.33333333333334,31.714285714285715,80.0
457,FRU,UAFM,Manas International Airport,Bishkek,Kyrgyzstan,10000000,0,0,,0.0,457,33.33333333333333,87.33333333333334,33.62962962962963,80.0
458,GYD,UBBB,Heydar Aliyev International Airport,Baku,Azerbaijan,10000000,0,0,,0.0,458,66.66666666666666,89.33333333333334,17.82857142857143,90.0
459,VVO,UHWW,Vladivostok International Airport,Vladivostok,Russia,10000000,0,0,,0.0,459,66.66666666666666,92.33333333333334,21.575757575757574,80.0
460,KBP,UKBB,Boryspil International Airport,Kiev,Ukraine,10000000,0,0,,0.0,460,100.0,84.0,27.6,70.0
461,DOK,UKCC,Donetsk International Airport,Donetsk,Ukraine,10000000,0,0,,0.0,461,66.66666666666666,89.33333333333334,27.51724137931035,90.0
462,DNK,UKDD,Dnipropetrovsk International Airport,Dnepropetrovsk,Ukraine,10000000,0,0,,0.0,462,66.66666666666666,84.0,13.444444444444446,70.0
463,SIP,UKFF,Simferopol International Airport,Simferopol,Ukraine,10000000,0,0,,0.0,463,66.66666666666666,89.33333333333334,23.625,90.0
464,IEV,UKKK,Kiev Zhuliany International Airport,Kiev,Ukraine,10000000,0,0,,0.0,464,33.33333333333333,90.0,17.714285714285715,90.0
465,LWO,UKLL,Lviv International Airport,Lvov,Ukraine,10000000,0,0,,0.0,465,0.0,87.33333333333334,35.53846153846154,80.0
466,ODS,UKOO,Odessa International Airport,Odessa,Ukraine,10000000,0,0,,0.0,466,66.66666666666666,87.33333333333334,36.714285714285715,80.0
467,KRR,URKK,Krasnodar Pashkovsky International Airport,Krasnodar,Russia,10000000,0,0,,0.0,467,33.33333333333333,89.0,1.4285714285714288,70.0
468,ROV,URRP,Platov International Airport,Rostov,Russia,10000000,0,0,,0.0,468,33.33333333333333,89.33333333333334,31.571428571428573,90.0
469,AER,URSS,Sochi International Airport,Sochi,Russia,10000000,0,0,,0.0,469,0.0,90.0,33.62962962962963,90.0
470,VOG,URWW,Volgograd International Airport,Volgograd,Russia,10000000,0,0,,0.0,470,66.66666666666666,89.33333333333334,25.548387096774196,90.0
471,MQF,USCM,Magnitogorsk International Airport,Magnetiogorsk,Russia,10000000,0,0,,0.0,471,33.33333333333333,84.0,17.529411764705884,70.0
472,ASB,UTAA,Ashgabat International Airport,Ashkhabad,Turkmenistan,10000000,0,0,,0.0,472,66.66666666666666,87.33333333333334,25.6,80.0
473,TAS,UTTT,Tashkent International Airport,Tashkent,Uzbekistan,10000000,0,0,,0.0,473,66.66666666666666,89.33333333333334,35.46666666666667,90.0
474,SVO,UUEE,Sheremetyevo International Airport,Moscow,Russia,10000000,0,0,,0.0,474,66.66666666666666,87.33333333333334,19.764705882352942,80.0
475,VOZ,UUOO,Voronezh International Airport,Voronezh,Russia,10000000,0,0,,0.0,475,66.66666666666666,89.33333333333334,27.6,90.0
476,VKO,UUWW,Vnukovo International Airport,Moscow,Russia,10000000,0,0,,0.0,476,66.66666666666666,87.33333333333334,29.655172413793107,80.0
477,KZN,UWKD,Kazan International Airport,Kazan,Russia,10000000,0,0,,0.0,477,66.66666666666666,84.0,33.62962962962963,70.0
478,UFA,UWUU,Ufa International Airport,Ufa,Russia,10000000,0,0,,0.0,478,33.33333333333333,90.0,37.760000000000005,90.0
479,KUF,UWWW,Kurumoch International Airport,Samara,Russia,10000000,0,0,,0.0,479,66.66666666666666,89.33333333333334,27.6,90.0
480,AMD,VAAH,Sardar Vallabhbhai Patel International Airport,Ahmedabad,India,10000000,0,0,,0.0,480,33.33333333333333,87.33333333333334,0.0,80.0
481,BOM,VABB,Chhatrapati Shivaji International Airport,Mumbai,India,10000000,0,0,,0.0,481,33.33333333333333,89.33333333333334,8.560975609756099,90.0
482,BHO,VABP,Raja Bhoj International Airport,Bhopal,India,10000000,0,0,,0.0,482,66.66666666666666,87.33333333333334,25.548387096774196,80.0
483,NAG,VANP,Dr. Babasaheb Ambedkar International Airport,Nagpur,India,10000000,0,0,,0.0,483,33.33333333333333,89.33333333333334,0.0,90.0
484,CMB,VCBI,Bandaranaike International Colombo Airport,Colombo,Sri Lanka,10000000,0,0,,0.0,484,33.33333333333333,84.0,3.7142857142857153,70.0
485,PNH,VDPP,Phnom Penh International Airport,Phnom-penh,Cambodia,10000000,0,0,,0.0,485,66.66666666666666,84.0,21.375,70.0
486,REP,VDSR,Siem Reap International Airport,Siem-reap,Cambodia,10000000,0,0,,0.0,486,33.33333333333333,89.33333333333334,25.67741935483871,90.0
487,CCU,VECC,Netaji Subhash Chandra Bose International Airport,Kolkata,India,10000000,0,0,,0.0,487,0.0,92.33333333333334,0.0,80.0
488,CGP,VGEG,Shah Amanat International Airport,Chittagong,Bangladesh,10000000,0,0,,0.0,488,66.66666666666666,84.0,21.575757575757574,70.0
489,ZYL,VGSY,Osmany International Airport,Sylhet Osmani,Bangladesh,10000000,0,0,,0.0,489,33.33333333333333,89.33333333333334,31.714285714285715,90.0
490,DAC,VGZR,Hazrat Shahjalal International Airport,Dhaka,Bangladesh,10000000,0,0,,0.0,490,33.33333333333333,89.33333333333334,11.473684210526315,90.0
491,ATQ,VIAR,Sri Guru Ram Dass Jee International Airport,Amritsar,India,10000000,0,0,,0.0,491,33.33333333333333,87.33333333333334,6.488372093023255,80.0
492,DEL,VIDP,Indira Gandhi International Airport,Delhi,India,10000000,0,0,,0.0,492,33.33333333333333,89.33333333333334,15.600000000000001,90.0
493,JAI,VIJP,Jaipur International Airport,Jaipur,India,10000000,0,0,,0.0,493,0.0,90.0,31.714285714285715,90.0
494,LKO,VILK,Chaudhary Charan Singh International Airport,Lucknow,India,10000000,0,0,,0.0,494,33.33333333333333,87.33333333333334,0.0,80.0
495,LPQ,VLLB,Luang Phabang International Airport,Luang Prabang,Laos,10000000,0,0,,0.0,495,33.33333333333333,84.0,17.485714285714288,70.0
496,PKZ,VLPS,Pakse International Airport,Pakse,Laos,10000000,0,0,,0.0,496,100.0,84.0,33.62962962962963,70.0
497,VTE,VLVT,Wattay International Airport,Vientiane,Laos,10000000,0,0,,0.0,497,66.66666666666666,87.33333333333334,36.714285714285715,80.0
498,MFM,VMMC,Macau International Airport,Macau,Macau,10000000,0,0,,0.0,498,33.33333333333333,94.0,33.77777777777778,70.0
499,KTM,VNKT,Tribhuvan International Airport,Kathmandu,Nepal,10000000,0,0,,0.0,499,66.66666666666666,84.0,35.54838709677419,70.0
500,BLR,VOBL,Kempegowda International Airport,Bangalore,India,10000000,0,0,,0.0,500,33.33333333333333,84.0,23.625,70.0
