event_id,event_name,event_type,date,importance,engagement,metric_type,year
WWE_0001,Raw 2016-01,raw,2016-01-01,3,2453454,viewership,2016
WWE_0002,Ppv Regular 2016-01,ppv_regular,2016-01-03,5,167337,buyrate,2016
WWE_0003,Raw 2016-01,raw,2016-01-06,3,2388826,viewership,2016
WWE_0004,Smackdown 2016-01,smackdown,2016-01-08,3,1920698,viewership,2016
WWE_0005,Smackdown 2016-01,smackdown,2016-01-11,3,2488252,viewership,2016
WWE_0006,Smackdown 2016-01,smackdown,2016-01-13,3,2729136,viewership,2016
WWE_0007,Raw 2016-01,raw,2016-01-16,3,2529742,viewership,2016
WWE_0008,Raw 2016-01,raw,2016-01-18,3,2775670,viewership,2016
WWE_0009,Raw 2016-01,raw,2016-01-21,3,2346255,viewership,2016
WWE_0010,Raw 2016-01,raw,2016-01-23,3,2701961,viewership,2016
WWE_0011,Smackdown 2016-01,smackdown,2016-01-26,3,2297107,viewership,2016
WWE_0012,Raw 2016-01,raw,2016-01-28,3,2514244,viewership,2016
WWE_0013,Raw 2016-01,raw,2016-01-31,3,2866154,viewership,2016
WWE_0014,Ppv Regular 2016-02,ppv_regular,2016-02-02,5,227536,buyrate,2016
WWE_0015,Raw 2016-02,raw,2016-02-05,3,2645639,viewership,2016
WWE_0016,Smackdown 2016-02,smackdown,2016-02-07,3,2568445,viewership,2016
WWE_0017,Raw 2016-02,raw,2016-02-10,3,2180225,viewership,2016
WWE_0018,Raw 2016-02,raw,2016-02-12,3,2372726,viewership,2016
WWE_0019,Raw 2016-02,raw,2016-02-15,3,2880532,viewership,2016
WWE_0020,Smackdown 2016-02,smackdown,2016-02-17,3,1817380,viewership,2016
WWE_0021,Raw 2016-02,raw,2016-02-20,3,2385060,viewership,2016
WWE_0022,Raw 2016-02,raw,2016-02-22,3,2685623,viewership,2016
WWE_0023,Smackdown 2016-02,smackdown,2016-02-25,3,2262284,viewership,2016
WWE_0024,Smackdown 2016-02,smackdown,2016-02-27,3,2246037,viewership,2016
WWE_0025,Ppv Regular 2016-03,ppv_regular,2016-03-01,5,192232,buyrate,2016
WWE_0026,Smackdown 2016-03,smackdown,2016-03-03,3,2296026,viewership,2016
WWE_0027,Raw 2016-03,raw,2016-03-06,3,2452610,viewership,2016
WWE_0028,Raw 2016-03,raw,2016-03-08,3,1814358,viewership,2016
WWE_0029,Smackdown 2016-03,smackdown,2016-03-11,3,1789224,viewership,2016
WWE_0030,Smackdown 2016-03,smackdown,2016-03-13,3,2783636,viewership,2016
WWE_0031,Smackdown 2016-03,smackdown,2016-03-16,3,1701732,viewership,2016
WWE_0032,Smackdown 2016-03,smackdown,2016-03-18,3,2528706,viewership,2016
WWE_0033,Smackdown 2016-03,smackdown,2016-03-21,3,2021032,viewership,2016
WWE_0034,Raw 2016-03,raw,2016-03-23,3,2112829,viewership,2016
WWE_0035,Smackdown 2016-03,smackdown,2016-03-26,3,2056737,viewership,2016
WWE_0036,Wrestlemania 2016-03,wrestlemania,2016-03-28,10,761974,buyrate,2016
WWE_0037,Raw 2016-03,raw,2016-03-31,3,2696853,viewership,2016
WWE_0038,Raw 2016-04,raw,2016-04-02,3,2999659,viewership,2016
WWE_0039,Raw 2016-04,raw,2016-04-05,3,1835086,viewership,2016
WWE_0040,Raw 2016-04,raw,2016-04-07,3,2035195,viewership,2016
WWE_0041,Raw 2016-04,raw,2016-04-10,3,2655427,viewership,2016
WWE_0042,Raw 2016-04,raw,2016-04-12,3,2181472,viewership,2016
WWE_0043,Smackdown 2016-04,smackdown,2016-04-15,3,2002830,viewership,2016
WWE_0044,Smackdown 2016-04,smackdown,2016-04-17,3,2540792,viewership,2016
WWE_0045,Smackdown 2016-04,smackdown,2016-04-20,3,2521268,viewership,2016
WWE_0046,Smackdown 2016-04,smackdown,2016-04-22,3,1819513,viewership,2016
WWE_0047,Smackdown 2016-04,smackdown,2016-04-25,3,2275360,viewership,2016
WWE_0048,Raw 2016-04,raw,2016-04-27,3,3137519,viewership,2016
WWE_0049,Raw 2016-04,raw,2016-04-30,3,2562869,viewership,2016
WWE_0050,Smackdown 2016-05,smackdown,2016-05-02,3,2209595,viewership,2016
WWE_0051,Raw 2016-05,raw,2016-05-05,3,2302465,viewership,2016
WWE_0052,Raw 2016-05,raw,2016-05-07,3,2676605,viewership,2016
WWE_0053,Raw 2016-05,raw,2016-05-10,3,2462417,viewership,2016
WWE_0054,Smackdown 2016-05,smackdown,2016-05-12,3,2457356,viewership,2016
WWE_0055,Raw 2016-05,raw,2016-05-15,3,2324551,viewership,2016
WWE_0056,Smackdown 2016-05,smackdown,2016-05-17,3,2233985,viewership,2016
WWE_0057,Raw 2016-05,raw,2016-05-20,3,2427124,viewership,2016
WWE_0058,Raw 2016-05,raw,2016-05-22,3,2269186,viewership,2016
WWE_0059,Smackdown 2016-05,smackdown,2016-05-25,3,1946362,viewership,2016
WWE_0060,Raw 2016-05,raw,2016-05-27,3,2913400,viewership,2016
WWE_0061,Raw 2016-05,raw,2016-05-30,3,2627738,viewership,2016
WWE_0062,Raw 2016-06,raw,2016-06-01,3,2601506,viewership,2016
WWE_0063,Raw 2016-06,raw,2016-06-04,3,2169049,viewership,2016
WWE_0064,Smackdown 2016-06,smackdown,2016-06-06,3,1917320,viewership,2016
WWE_0065,Raw 2016-06,raw,2016-06-09,3,2426794,viewership,2016
WWE_0066,Raw 2016-06,raw,2016-06-11,3,1747467,viewership,2016
WWE_0067,Smackdown 2016-06,smackdown,2016-06-14,3,1764275,viewership,2016
WWE_0068,Raw 2016-06,raw,2016-06-16,3,1941282,viewership,2016
WWE_0069,Smackdown 2016-06,smackdown,2016-06-19,3,2158456,viewership,2016
WWE_0070,Raw 2016-06,raw,2016-06-21,3,2474784,viewership,2016
WWE_0071,Smackdown 2016-06,smackdown,2016-06-24,3,2545948,viewership,2016
WWE_0072,Raw 2016-06,raw,2016-06-26,3,2592895,viewership,2016
WWE_0073,Raw 2016-06,raw,2016-06-29,3,2793558,viewership,2016
WWE_0074,Ppv Regular 2016-07,ppv_regular,2016-07-01,5,181091,buyrate,2016
WWE_0075,Raw 2016-07,raw,2016-07-04,3,2321436,viewership,2016
WWE_0076,Raw 2016-07,raw,2016-07-06,3,2148621,viewership,2016
WWE_0077,Smackdown 2016-07,smackdown,2016-07-09,3,2466319,viewership,2016
WWE_0078,Smackdown 2016-07,smackdown,2016-07-11,3,2464461,viewership,2016
WWE_0079,Raw 2016-07,raw,2016-07-14,3,1682588,viewership,2016
WWE_0080,Raw 2016-07,raw,2016-07-16,3,2303215,viewership,2016
WWE_0081,Ppv Regular 2016-07,ppv_regular,2016-07-19,5,185585,buyrate,2016
WWE_0082,Raw 2016-07,raw,2016-07-21,3,2637680,viewership,2016
WWE_0083,Raw 2016-07,raw,2016-07-24,3,2179257,viewership,2016
WWE_0084,Smackdown 2016-07,smackdown,2016-07-26,3,2240422,viewership,2016
WWE_0085,Raw 2016-07,raw,2016-07-29,3,2380444,viewership,2016
WWE_0086,Smackdown 2016-07,smackdown,2016-07-31,3,2714205,viewership,2016
WWE_0087,Smackdown 2016-08,smackdown,2016-08-03,3,2215763,viewership,2016
WWE_0088,Raw 2016-08,raw,2016-08-05,3,2064891,viewership,2016
WWE_0089,Raw 2016-08,raw,2016-08-08,3,2885117,viewership,2016
WWE_0090,Raw 2016-08,raw,2016-08-10,3,2209631,viewership,2016
WWE_0091,Smackdown 2016-08,smackdown,2016-08-13,3,2267016,viewership,2016
WWE_0092,Smackdown 2016-08,smackdown,2016-08-15,3,2164417,viewership,2016
WWE_0093,Raw 2016-08,raw,2016-08-18,3,2290140,viewership,2016
WWE_0094,Raw 2016-08,raw,2016-08-20,3,2944014,viewership,2016
WWE_0095,Raw 2016-08,raw,2016-08-23,3,2015728,viewership,2016
WWE_0096,Ppv Regular 2016-08,ppv_regular,2016-08-25,5,213978,buyrate,2016
WWE_0097,Smackdown 2016-08,smackdown,2016-08-28,3,2073537,viewership,2016
WWE_0098,Raw 2016-08,raw,2016-08-30,3,2300997,viewership,2016
WWE_0099,Raw 2016-09,raw,2016-09-02,3,2079972,viewership,2016
WWE_0100,Smackdown 2016-09,smackdown,2016-09-04,3,2110557,viewership,2016
WWE_0101,Smackdown 2016-09,smackdown,2016-09-07,3,2381963,viewership,2016
WWE_0102,Raw 2016-09,raw,2016-09-09,3,2256854,viewership,2016
WWE_0103,Smackdown 2016-09,smackdown,2016-09-12,3,2176181,viewership,2016
WWE_0104,Ppv Regular 2016-09,ppv_regular,2016-09-14,5,195947,buyrate,2016
WWE_0105,Raw 2016-09,raw,2016-09-17,3,2609196,viewership,2016
WWE_0106,Raw 2016-09,raw,2016-09-19,3,2296965,viewership,2016
WWE_0107,Smackdown 2016-09,smackdown,2016-09-22,3,2388582,viewership,2016
WWE_0108,Smackdown 2016-09,smackdown,2016-09-24,3,1857750,viewership,2016
WWE_0109,Ppv Regular 2016-09,ppv_regular,2016-09-27,5,131376,buyrate,2016
WWE_0110,Smackdown 2016-09,smackdown,2016-09-29,3,2695457,viewership,2016
WWE_0111,Smackdown 2016-10,smackdown,2016-10-02,3,2342320,viewership,2016
WWE_0112,Smackdown 2016-10,smackdown,2016-10-04,3,2075967,viewership,2016
WWE_0113,Smackdown 2016-10,smackdown,2016-10-07,3,2062120,viewership,2016
WWE_0114,Smackdown 2016-10,smackdown,2016-10-09,3,1943961,viewership,2016
WWE_0115,Ppv Regular 2016-10,ppv_regular,2016-10-12,5,195531,buyrate,2016
WWE_0116,Smackdown 2016-10,smackdown,2016-10-14,3,2451421,viewership,2016
WWE_0117,Smackdown 2016-10,smackdown,2016-10-17,3,2209322,viewership,2016
WWE_0118,Smackdown 2016-10,smackdown,2016-10-19,3,2233923,viewership,2016
WWE_0119,Raw 2016-10,raw,2016-10-22,3,2677706,viewership,2016
WWE_0120,Smackdown 2016-10,smackdown,2016-10-24,3,2045584,viewership,2016
WWE_0121,Raw 2016-10,raw,2016-10-27,3,1858423,viewership,2016
WWE_0122,Smackdown 2016-10,smackdown,2016-10-29,3,2051813,viewership,2016
WWE_0123,Smackdown 2016-11,smackdown,2016-11-01,3,1727930,viewership,2016
WWE_0124,Smackdown 2016-11,smackdown,2016-11-03,3,1808761,viewership,2016
WWE_0125,Raw 2016-11,raw,2016-11-06,3,2228816,viewership,2016
WWE_0126,Raw 2016-11,raw,2016-11-08,3,2280661,viewership,2016
WWE_0127,Smackdown 2016-11,smackdown,2016-11-11,3,2562475,viewership,2016
WWE_0128,Raw 2016-11,raw,2016-11-13,3,2296135,viewership,2016
WWE_0129,Raw 2016-11,raw,2016-11-16,3,1993294,viewership,2016
WWE_0130,Smackdown 2016-11,smackdown,2016-11-18,3,2162866,viewership,2016
WWE_0131,Raw 2016-11,raw,2016-11-21,3,2587319,viewership,2016
WWE_0132,Smackdown 2016-11,smackdown,2016-11-23,3,2314091,viewership,2016
WWE_0133,Ppv Regular 2016-11,ppv_regular,2016-11-26,5,228131,buyrate,2016
WWE_0134,Smackdown 2016-11,smackdown,2016-11-28,3,2134477,viewership,2016
WWE_0135,Raw 2016-12,raw,2016-12-01,3,2106632,viewership,2016
WWE_0136,Raw 2016-12,raw,2016-12-03,3,2350991,viewership,2016
WWE_0137,Raw 2016-12,raw,2016-12-06,3,2268833,viewership,2016
WWE_0138,Ppv Regular 2016-12,ppv_regular,2016-12-08,5,178982,buyrate,2016
WWE_0139,Raw 2016-12,raw,2016-12-11,3,2517150,viewership,2016
WWE_0140,Raw 2016-12,raw,2016-12-13,3,1841873,viewership,2016
WWE_0141,Ppv Regular 2016-12,ppv_regular,2016-12-16,5,219810,buyrate,2016
WWE_0142,Smackdown 2016-12,smackdown,2016-12-18,3,2302277,viewership,2016
WWE_0143,Smackdown 2016-12,smackdown,2016-12-21,3,2098942,viewership,2016
WWE_0144,Raw 2016-12,raw,2016-12-23,3,2271091,viewership,2016
WWE_0145,Raw 2016-12,raw,2016-12-26,3,1954403,viewership,2016
WWE_0146,Smackdown 2016-12,smackdown,2016-12-28,3,2572227,viewership,2016
WWE_0147,Raw 2016-12,raw,2016-12-31,3,2220479,viewership,2016
WWE_0148,Smackdown 2017-01,smackdown,2017-01-02,3,2286339,viewership,2017
WWE_0149,Ppv Regular 2017-01,ppv_regular,2017-01-05,5,185427,buyrate,2017
WWE_0150,Smackdown 2017-01,smackdown,2017-01-07,3,1785932,viewership,2017
WWE_0151,Raw 2017-01,raw,2017-01-10,3,2231188,viewership,2017
WWE_0152,Smackdown 2017-01,smackdown,2017-01-12,3,2004122,viewership,2017
WWE_0153,Smackdown 2017-01,smackdown,2017-01-15,3,2456997,viewership,2017
WWE_0154,Smackdown 2017-01,smackdown,2017-01-17,3,2015745,viewership,2017
WWE_0155,Raw 2017-01,raw,2017-01-20,3,2675465,viewership,2017
WWE_0156,Smackdown 2017-01,smackdown,2017-01-22,3,2252246,viewership,2017
WWE_0157,Raw 2017-01,raw,2017-01-25,3,2073072,viewership,2017
WWE_0158,Raw 2017-01,raw,2017-01-27,3,2494191,viewership,2017
WWE_0159,Ppv Regular 2017-01,ppv_regular,2017-01-30,5,187021,buyrate,2017
WWE_0160,Smackdown 2017-02,smackdown,2017-02-01,3,2157766,viewership,2017
WWE_0161,Smackdown 2017-02,smackdown,2017-02-04,3,2173036,viewership,2017
WWE_0162,Smackdown 2017-02,smackdown,2017-02-06,3,2373941,viewership,2017
WWE_0163,Smackdown 2017-02,smackdown,2017-02-09,3,2083676,viewership,2017
WWE_0164,Raw 2017-02,raw,2017-02-11,3,2640822,viewership,2017
WWE_0165,Smackdown 2017-02,smackdown,2017-02-14,3,2145678,viewership,2017
WWE_0166,Raw 2017-02,raw,2017-02-16,3,1951995,viewership,2017
WWE_0167,Raw 2017-02,raw,2017-02-19,3,2386747,viewership,2017
WWE_0168,Raw 2017-02,raw,2017-02-21,3,2359654,viewership,2017
WWE_0169,Smackdown 2017-02,smackdown,2017-02-24,3,1724605,viewership,2017
WWE_0170,Smackdown 2017-02,smackdown,2017-02-26,3,1761379,viewership,2017
WWE_0171,Smackdown 2017-03,smackdown,2017-03-01,3,2246147,viewership,2017
WWE_0172,Raw 2017-03,raw,2017-03-03,3,1838320,viewership,2017
WWE_0173,Raw 2017-03,raw,2017-03-06,3,2105022,viewership,2017
WWE_0174,Ppv Regular 2017-03,ppv_regular,2017-03-08,5,123689,buyrate,2017
WWE_0175,Smackdown 2017-03,smackdown,2017-03-11,3,2076255,viewership,2017
WWE_0176,Raw 2017-03,raw,2017-03-13,3,2022777,viewership,2017
WWE_0177,Ppv Regular 2017-03,ppv_regular,2017-03-16,5,165580,buyrate,2017
WWE_0178,Ppv Regular 2017-03,ppv_regular,2017-03-18,5,134962,buyrate,2017
WWE_0179,Raw 2017-03,raw,2017-03-21,3,1903105,viewership,2017
WWE_0180,Ppv Regular 2017-03,ppv_regular,2017-03-23,5,149811,buyrate,2017
WWE_0181,Raw 2017-03,raw,2017-03-26,3,2725455,viewership,2017
WWE_0182,Raw 2017-03,raw,2017-03-28,3,1888306,viewership,2017
WWE_0183,Smackdown 2017-03,smackdown,2017-03-31,3,1803790,viewership,2017
WWE_0184,Smackdown 2017-04,smackdown,2017-04-02,3,2118300,viewership,2017
WWE_0185,Smackdown 2017-04,smackdown,2017-04-05,3,2328496,viewership,2017
WWE_0186,Smackdown 2017-04,smackdown,2017-04-07,3,2129026,viewership,2017
WWE_0187,Smackdown 2017-04,smackdown,2017-04-10,3,2263754,viewership,2017
WWE_0188,Raw 2017-04,raw,2017-04-12,3,2112320,viewership,2017
WWE_0189,Raw 2017-04,raw,2017-04-15,3,2658958,viewership,2017
WWE_0190,Smackdown 2017-04,smackdown,2017-04-17,3,2306070,viewership,2017
WWE_0191,Smackdown 2017-04,smackdown,2017-04-20,3,2086256,viewership,2017
WWE_0192,Smackdown 2017-04,smackdown,2017-04-22,3,2076456,viewership,2017
WWE_0193,Smackdown 2017-04,smackdown,2017-04-25,3,1453996,viewership,2017
WWE_0194,Raw 2017-04,raw,2017-04-27,3,2059579,viewership,2017
WWE_0195,Raw 2017-04,raw,2017-04-30,3,1733472,viewership,2017
WWE_0196,Raw 2017-05,raw,2017-05-02,3,2916831,viewership,2017
WWE_0197,Smackdown 2017-05,smackdown,2017-05-05,3,2112828,viewership,2017
WWE_0198,Smackdown 2017-05,smackdown,2017-05-07,3,2300978,viewership,2017
WWE_0199,Smackdown 2017-05,smackdown,2017-05-10,3,1725279,viewership,2017
WWE_0200,Smackdown 2017-05,smackdown,2017-05-12,3,2049388,viewership,2017
WWE_0201,Raw 2017-05,raw,2017-05-15,3,1579354,viewership,2017
WWE_0202,Smackdown 2017-05,smackdown,2017-05-17,3,2078563,viewership,2017
WWE_0203,Raw 2017-05,raw,2017-05-20,3,2092958,viewership,2017
WWE_0204,Smackdown 2017-05,smackdown,2017-05-22,3,2109512,viewership,2017
WWE_0205,Ppv Regular 2017-05,ppv_regular,2017-05-25,5,199787,buyrate,2017
WWE_0206,Raw 2017-05,raw,2017-05-27,3,2861387,viewership,2017
WWE_0207,Raw 2017-05,raw,2017-05-30,3,1431178,viewership,2017
WWE_0208,Raw 2017-06,raw,2017-06-01,3,1976068,viewership,2017
WWE_0209,Raw 2017-06,raw,2017-06-04,3,2099693,viewership,2017
WWE_0210,Smackdown 2017-06,smackdown,2017-06-06,3,2062317,viewership,2017
WWE_0211,Smackdown 2017-06,smackdown,2017-06-09,3,2240488,viewership,2017
WWE_0212,Raw 2017-06,raw,2017-06-11,3,2507803,viewership,2017
WWE_0213,Raw 2017-06,raw,2017-06-14,3,2389823,viewership,2017
WWE_0214,Smackdown 2017-06,smackdown,2017-06-16,3,2111483,viewership,2017
WWE_0215,Raw 2017-06,raw,2017-06-19,3,1954809,viewership,2017
WWE_0216,Smackdown 2017-06,smackdown,2017-06-21,3,2468511,viewership,2017
WWE_0217,Smackdown 2017-06,smackdown,2017-06-24,3,1877923,viewership,2017
WWE_0218,Raw 2017-06,raw,2017-06-26,3,2694270,viewership,2017
WWE_0219,Smackdown 2017-06,smackdown,2017-06-29,3,2209401,viewership,2017
WWE_0220,Smackdown 2017-07,smackdown,2017-07-01,3,2304290,viewership,2017
WWE_0221,Raw 2017-07,raw,2017-07-04,3,2992268,viewership,2017
WWE_0222,Raw 2017-07,raw,2017-07-06,3,2530451,viewership,2017
WWE_0223,Raw 2017-07,raw,2017-07-09,3,2130037,viewership,2017
WWE_0224,Smackdown 2017-07,smackdown,2017-07-11,3,1858379,viewership,2017
WWE_0225,Raw 2017-07,raw,2017-07-14,3,2680387,viewership,2017
WWE_0226,Raw 2017-07,raw,2017-07-16,3,2661423,viewership,2017
WWE_0227,Smackdown 2017-07,smackdown,2017-07-19,3,2344547,viewership,2017
WWE_0228,Smackdown 2017-07,smackdown,2017-07-21,3,1928986,viewership,2017
WWE_0229,Ppv Regular 2017-07,ppv_regular,2017-07-24,5,216848,buyrate,2017
WWE_0230,Smackdown 2017-07,smackdown,2017-07-26,3,2148718,viewership,2017
WWE_0231,Raw 2017-07,raw,2017-07-29,3,2407797,viewership,2017
WWE_0232,Smackdown 2017-07,smackdown,2017-07-31,3,2091375,viewership,2017
WWE_0233,Smackdown 2017-08,smackdown,2017-08-03,3,2156992,viewership,2017
WWE_0234,Ppv Regular 2017-08,ppv_regular,2017-08-05,5,208390,buyrate,2017
WWE_0235,Raw 2017-08,raw,2017-08-08,3,1983026,viewership,2017
WWE_0236,Raw 2017-08,raw,2017-08-10,3,2728427,viewership,2017
WWE_0237,Smackdown 2017-08,smackdown,2017-08-13,3,1993285,viewership,2017
WWE_0238,Smackdown 2017-08,smackdown,2017-08-15,3,2594428,viewership,2017
WWE_0239,Smackdown 2017-08,smackdown,2017-08-18,3,1905145,viewership,2017
WWE_0240,Raw 2017-08,raw,2017-08-20,3,2462952,viewership,2017
WWE_0241,Raw 2017-08,raw,2017-08-23,3,2169514,viewership,2017
WWE_0242,Smackdown 2017-08,smackdown,2017-08-25,3,1932096,viewership,2017
WWE_0243,Raw 2017-08,raw,2017-08-28,3,2378840,viewership,2017
WWE_0244,Raw 2017-08,raw,2017-08-30,3,2239663,viewership,2017
WWE_0245,Smackdown 2017-09,smackdown,2017-09-02,3,1995020,viewership,2017
WWE_0246,Smackdown 2017-09,smackdown,2017-09-04,3,2526423,viewership,2017
WWE_0247,Ppv Regular 2017-09,ppv_regular,2017-09-07,5,186860,buyrate,2017
WWE_0248,Smackdown 2017-09,smackdown,2017-09-09,3,2240334,viewership,2017
WWE_0249,Smackdown 2017-09,smackdown,2017-09-12,3,2032421,viewership,2017
WWE_0250,Smackdown 2017-09,smackdown,2017-09-14,3,2169120,viewership,2017
WWE_0251,Raw 2017-09,raw,2017-09-17,3,2514255,viewership,2017
WWE_0252,Raw 2017-09,raw,2017-09-19,3,2114613,viewership,2017
WWE_0253,Ppv Regular 2017-09,ppv_regular,2017-09-22,5,162656,buyrate,2017
WWE_0254,Raw 2017-09,raw,2017-09-24,3,2256658,viewership,2017
WWE_0255,Raw 2017-09,raw,2017-09-27,3,2177659,viewership,2017
WWE_0256,Smackdown 2017-09,smackdown,2017-09-29,3,1835120,viewership,2017
WWE_0257,Raw 2017-10,raw,2017-10-02,3,1893867,viewership,2017
WWE_0258,Raw 2017-10,raw,2017-10-04,3,2428267,viewership,2017
WWE_0259,Smackdown 2017-10,smackdown,2017-10-07,3,2090451,viewership,2017
WWE_0260,Raw 2017-10,raw,2017-10-09,3,2065781,viewership,2017
WWE_0261,Raw 2017-10,raw,2017-10-12,3,2326526,viewership,2017
WWE_0262,Ppv Regular 2017-10,ppv_regular,2017-10-14,5,164638,buyrate,2017
WWE_0263,Ppv Regular 2017-10,ppv_regular,2017-10-17,5,133486,buyrate,2017
WWE_0264,Raw 2017-10,raw,2017-10-19,3,2104189,viewership,2017
WWE_0265,Raw 2017-10,raw,2017-10-22,3,1998110,viewership,2017
WWE_0266,Smackdown 2017-10,smackdown,2017-10-24,3,2129013,viewership,2017
WWE_0267,Smackdown 2017-10,smackdown,2017-10-27,3,1749846,viewership,2017
WWE_0268,Smackdown 2017-10,smackdown,2017-10-29,3,1785973,viewership,2017
WWE_0269,Wrestlemania 2017-11,wrestlemania,2017-11-01,10,847259,buyrate,2017
WWE_0270,Smackdown 2017-11,smackdown,2017-11-03,3,1864305,viewership,2017
WWE_0271,Smackdown 2017-11,smackdown,2017-11-06,3,2098845,viewership,2017
WWE_0272,Smackdown 2017-11,smackdown,2017-11-08,3,2145078,viewership,2017
WWE_0273,Smackdown 2017-11,smackdown,2017-11-11,3,1763612,viewership,2017
WWE_0274,Raw 2017-11,raw,2017-11-13,3,2186128,viewership,2017
WWE_0275,Raw 2017-11,raw,2017-11-16,3,2370986,viewership,2017
WWE_0276,Ppv Regular 2017-11,ppv_regular,2017-11-18,5,218672,buyrate,2017
WWE_0277,Raw 2017-11,raw,2017-11-21,3,2220407,viewership,2017
WWE_0278,Raw 2017-11,raw,2017-11-23,3,2419389,viewership,2017
WWE_0279,Raw 2017-11,raw,2017-11-26,3,2276015,viewership,2017
WWE_0280,Smackdown 2017-11,smackdown,2017-11-28,3,2105122,viewership,2017
WWE_0281,Raw 2017-12,raw,2017-12-01,3,2451513,viewership,2017
WWE_0282,Raw 2017-12,raw,2017-12-03,3,2587216,viewership,2017
WWE_0283,Raw 2017-12,raw,2017-12-06,3,2624044,viewership,2017
WWE_0284,Smackdown 2017-12,smackdown,2017-12-08,3,1921558,viewership,2017
WWE_0285,Smackdown 2017-12,smackdown,2017-12-11,3,2046666,viewership,2017
WWE_0286,Ppv Regular 2017-12,ppv_regular,2017-12-13,5,133542,buyrate,2017
WWE_0287,Raw 2017-12,raw,2017-12-16,3,2165714,viewership,2017
WWE_0288,Smackdown 2017-12,smackdown,2017-12-18,3,2099065,viewership,2017
WWE_0289,Smackdown 2017-12,smackdown,2017-12-21,3,2177766,viewership,2017
WWE_0290,Raw 2017-12,raw,2017-12-23,3,1991120,viewership,2017
WWE_0291,Raw 2017-12,raw,2017-12-26,3,2010920,viewership,2017
WWE_0292,Raw 2017-12,raw,2017-12-28,3,2308752,viewership,2017
WWE_0293,Smackdown 2017-12,smackdown,2017-12-31,3,2309832,viewership,2017
WWE_0294,Ppv Regular 2018-01,ppv_regular,2018-01-02,5,137928,buyrate,2018
WWE_0295,Raw 2018-01,raw,2018-01-05,3,2420415,viewership,2018
WWE_0296,Ppv Regular 2018-01,ppv_regular,2018-01-07,5,216223,buyrate,2018
WWE_0297,Smackdown 2018-01,smackdown,2018-01-10,3,1670286,viewership,2018
WWE_0298,Raw 2018-01,raw,2018-01-12,3,2116771,viewership,2018
WWE_0299,Smackdown 2018-01,smackdown,2018-01-15,3,2126443,viewership,2018
WWE_0300,Smackdown 2018-01,smackdown,2018-01-17,3,1655200,viewership,2018
WWE_0301,Smackdown 2018-01,smackdown,2018-01-20,3,2034134,viewership,2018
WWE_0302,Raw 2018-01,raw,2018-01-22,3,2671234,viewership,2018
WWE_0303,Smackdown 2018-01,smackdown,2018-01-25,3,2331697,viewership,2018
WWE_0304,Smackdown 2018-01,smackdown,2018-01-27,3,1955727,viewership,2018
WWE_0305,Raw 2018-01,raw,2018-01-30,3,2411367,viewership,2018
WWE_0306,Smackdown 2018-02,smackdown,2018-02-01,3,1903033,viewership,2018
WWE_0307,Raw 2018-02,raw,2018-02-04,3,2620432,viewership,2018
WWE_0308,Smackdown 2018-02,smackdown,2018-02-06,3,1474457,viewership,2018
WWE_0309,Raw 2018-02,raw,2018-02-09,3,2033625,viewership,2018
WWE_0310,Smackdown 2018-02,smackdown,2018-02-11,3,1836397,viewership,2018
WWE_0311,Ppv Regular 2018-02,ppv_regular,2018-02-14,5,190936,buyrate,2018
WWE_0312,Raw 2018-02,raw,2018-02-16,3,2010462,viewership,2018
WWE_0313,Raw 2018-02,raw,2018-02-19,3,2355501,viewership,2018
WWE_0314,Smackdown 2018-02,smackdown,2018-02-21,3,2146338,viewership,2018
WWE_0315,Raw 2018-02,raw,2018-02-24,3,2247148,viewership,2018
WWE_0316,Raw 2018-02,raw,2018-02-26,3,2067012,viewership,2018
WWE_0317,Smackdown 2018-03,smackdown,2018-03-01,3,2164872,viewership,2018
WWE_0318,Smackdown 2018-03,smackdown,2018-03-03,3,2011162,viewership,2018
WWE_0319,Smackdown 2018-03,smackdown,2018-03-06,3,1871703,viewership,2018
WWE_0320,Raw 2018-03,raw,2018-03-08,3,1846264,viewership,2018
WWE_0321,Raw 2018-03,raw,2018-03-11,3,2072925,viewership,2018
WWE_0322,Raw 2018-03,raw,2018-03-13,3,2614725,viewership,2018
WWE_0323,Smackdown 2018-03,smackdown,2018-03-16,3,1946410,viewership,2018
WWE_0324,Raw 2018-03,raw,2018-03-18,3,2119741,viewership,2018
WWE_0325,Smackdown 2018-03,smackdown,2018-03-21,3,1798194,viewership,2018
WWE_0326,Raw 2018-03,raw,2018-03-23,3,2294601,viewership,2018
WWE_0327,Smackdown 2018-03,smackdown,2018-03-26,3,2231605,viewership,2018
WWE_0328,Ppv Regular 2018-03,ppv_regular,2018-03-28,5,204511,buyrate,2018
WWE_0329,Smackdown 2018-03,smackdown,2018-03-31,3,2198740,viewership,2018
WWE_0330,Smackdown 2018-04,smackdown,2018-04-02,3,2223683,viewership,2018
WWE_0331,Raw 2018-04,raw,2018-04-05,3,2141600,viewership,2018
WWE_0332,Smackdown 2018-04,smackdown,2018-04-07,3,1633520,viewership,2018
WWE_0333,Smackdown 2018-04,smackdown,2018-04-10,3,1830619,viewership,2018
WWE_0334,Raw 2018-04,raw,2018-04-12,3,2267017,viewership,2018
WWE_0335,Raw 2018-04,raw,2018-04-15,3,2451629,viewership,2018
WWE_0336,Raw 2018-04,raw,2018-04-17,3,2021929,viewership,2018
WWE_0337,Ppv Regular 2018-04,ppv_regular,2018-04-20,5,187997,buyrate,2018
WWE_0338,Smackdown 2018-04,smackdown,2018-04-22,3,1790537,viewership,2018
WWE_0339,Ppv Regular 2018-04,ppv_regular,2018-04-25,5,169473,buyrate,2018
WWE_0340,Raw 2018-04,raw,2018-04-27,3,2382911,viewership,2018
WWE_0341,Raw 2018-04,raw,2018-04-30,3,2248968,viewership,2018
WWE_0342,Smackdown 2018-05,smackdown,2018-05-02,3,2313560,viewership,2018
WWE_0343,Smackdown 2018-05,smackdown,2018-05-05,3,2591316,viewership,2018
WWE_0344,Raw 2018-05,raw,2018-05-07,3,2498694,viewership,2018
WWE_0345,Smackdown 2018-05,smackdown,2018-05-10,3,1708257,viewership,2018
WWE_0346,Smackdown 2018-05,smackdown,2018-05-12,3,2166523,viewership,2018
WWE_0347,Smackdown 2018-05,smackdown,2018-05-15,3,2181683,viewership,2018
WWE_0348,Raw 2018-05,raw,2018-05-17,3,2516248,viewership,2018
WWE_0349,Raw 2018-05,raw,2018-05-20,3,2246299,viewership,2018
WWE_0350,Raw 2018-05,raw,2018-05-22,3,1587185,viewership,2018
WWE_0351,Raw 2018-05,raw,2018-05-25,3,2330681,viewership,2018
WWE_0352,Smackdown 2018-05,smackdown,2018-05-27,3,2363588,viewership,2018
WWE_0353,Raw 2018-05,raw,2018-05-30,3,1557670,viewership,2018
WWE_0354,Raw 2018-06,raw,2018-06-01,3,2302649,viewership,2018
WWE_0355,Raw 2018-06,raw,2018-06-04,3,1865839,viewership,2018
WWE_0356,Raw 2018-06,raw,2018-06-06,3,2412754,viewership,2018
WWE_0357,Smackdown 2018-06,smackdown,2018-06-09,3,2024747,viewership,2018
WWE_0358,Raw 2018-06,raw,2018-06-11,3,2780905,viewership,2018
WWE_0359,Smackdown 2018-06,smackdown,2018-06-14,3,1845242,viewership,2018
WWE_0360,Smackdown 2018-06,smackdown,2018-06-16,3,2143689,viewership,2018
WWE_0361,Smackdown 2018-06,smackdown,2018-06-19,3,2224817,viewership,2018
WWE_0362,Smackdown 2018-06,smackdown,2018-06-21,3,1852216,viewership,2018
WWE_0363,Raw 2018-06,raw,2018-06-24,3,2029658,viewership,2018
WWE_0364,Raw 2018-06,raw,2018-06-26,3,2055883,viewership,2018
WWE_0365,Raw 2018-06,raw,2018-06-29,3,2516690,viewership,2018
WWE_0366,Raw 2018-07,raw,2018-07-01,3,2125320,viewership,2018
WWE_0367,Raw 2018-07,raw,2018-07-04,3,2115551,viewership,2018
WWE_0368,Raw 2018-07,raw,2018-07-06,3,1841781,viewership,2018
WWE_0369,Raw 2018-07,raw,2018-07-09,3,1954952,viewership,2018
WWE_0370,Smackdown 2018-07,smackdown,2018-07-11,3,2469940,viewership,2018
WWE_0371,Raw 2018-07,raw,2018-07-14,3,2105917,viewership,2018
WWE_0372,Smackdown 2018-07,smackdown,2018-07-16,3,1858661,viewership,2018
WWE_0373,Smackdown 2018-07,smackdown,2018-07-19,3,1963533,viewership,2018
WWE_0374,Raw 2018-07,raw,2018-07-21,3,2058808,viewership,2018
WWE_0375,Raw 2018-07,raw,2018-07-24,3,2360234,viewership,2018
WWE_0376,Smackdown 2018-07,smackdown,2018-07-26,3,1994337,viewership,2018
WWE_0377,Raw 2018-07,raw,2018-07-29,3,1756063,viewership,2018
WWE_0378,Smackdown 2018-07,smackdown,2018-07-31,3,2201878,viewership,2018
WWE_0379,Ppv Regular 2018-08,ppv_regular,2018-08-03,5,160677,buyrate,2018
WWE_0380,Raw 2018-08,raw,2018-08-05,3,2064371,viewership,2018
WWE_0381,Smackdown 2018-08,smackdown,2018-08-08,3,2125535,viewership,2018
WWE_0382,Smackdown 2018-08,smackdown,2018-08-10,3,1683860,viewership,2018
WWE_0383,Smackdown 2018-08,smackdown,2018-08-13,3,2202101,viewership,2018
WWE_0384,Royal Rumble 2018-08,royal_rumble,2018-08-15,9,562229,buyrate,2018
WWE_0385,Raw 2018-08,raw,2018-08-18,3,2313367,viewership,2018
WWE_0386,Smackdown 2018-08,smackdown,2018-08-20,3,1905514,viewership,2018
WWE_0387,Smackdown 2018-08,smackdown,2018-08-23,3,1792353,viewership,2018
WWE_0388,Raw 2018-08,raw,2018-08-25,3,1913447,viewership,2018
WWE_0389,Raw 2018-08,raw,2018-08-28,3,2134528,viewership,2018
WWE_0390,Smackdown 2018-08,smackdown,2018-08-30,3,2010306,viewership,2018
WWE_0391,Smackdown 2018-09,smackdown,2018-09-02,3,2098272,viewership,2018
WWE_0392,Raw 2018-09,raw,2018-09-04,3,2041621,viewership,2018
WWE_0393,Raw 2018-09,raw,2018-09-07,3,2308595,viewership,2018
WWE_0394,Raw 2018-09,raw,2018-09-09,3,2757180,viewership,2018
WWE_0395,Smackdown 2018-09,smackdown,2018-09-12,3,1850701,viewership,2018
WWE_0396,Raw 2018-09,raw,2018-09-14,3,2480652,viewership,2018
WWE_0397,Smackdown 2018-09,smackdown,2018-09-17,3,1983800,viewership,2018
WWE_0398,Smackdown 2018-09,smackdown,2018-09-19,3,1651084,viewership,2018
WWE_0399,Smackdown 2018-09,smackdown,2018-09-22,3,2059606,viewership,2018
WWE_0400,Raw 2018-09,raw,2018-09-24,3,1915164,viewership,2018
WWE_0401,Raw 2018-09,raw,2018-09-27,3,1976177,viewership,2018
WWE_0402,Smackdown 2018-09,smackdown,2018-09-29,3,2254751,viewership,2018
WWE_0403,Raw 2018-10,raw,2018-10-02,3,2255696,viewership,2018
WWE_0404,Smackdown 2018-10,smackdown,2018-10-04,3,1793428,viewership,2018
WWE_0405,Smackdown 2018-10,smackdown,2018-10-07,3,1930080,viewership,2018
WWE_0406,Raw 2018-10,raw,2018-10-09,3,1861442,viewership,2018
WWE_0407,Raw 2018-10,raw,2018-10-12,3,1845262,viewership,2018
WWE_0408,Raw 2018-10,raw,2018-10-14,3,2472348,viewership,2018
WWE_0409,Smackdown 2018-10,smackdown,2018-10-17,3,2140820,viewership,2018
WWE_0410,Raw 2018-10,raw,2018-10-19,3,2132895,viewership,2018
WWE_0411,Raw 2018-10,raw,2018-10-22,3,2383437,viewership,2018
WWE_0412,Smackdown 2018-10,smackdown,2018-10-24,3,2187132,viewership,2018
WWE_0413,Smackdown 2018-10,smackdown,2018-10-27,3,2216259,viewership,2018
WWE_0414,Smackdown 2018-10,smackdown,2018-10-29,3,2083466,viewership,2018
WWE_0415,Raw 2018-11,raw,2018-11-01,3,2644565,viewership,2018
WWE_0416,Smackdown 2018-11,smackdown,2018-11-03,3,2327712,viewership,2018
WWE_0417,Smackdown 2018-11,smackdown,2018-11-06,3,1927211,viewership,2018
WWE_0418,Ppv Regular 2018-11,ppv_regular,2018-11-08,5,152844,buyrate,2018
WWE_0419,Smackdown 2018-11,smackdown,2018-11-11,3,1985729,viewership,2018
WWE_0420,Smackdown 2018-11,smackdown,2018-11-13,3,2076621,viewership,2018
WWE_0421,Smackdown 2018-11,smackdown,2018-11-16,3,1759283,viewership,2018
WWE_0422,Smackdown 2018-11,smackdown,2018-11-18,3,1615931,viewership,2018
WWE_0423,Raw 2018-11,raw,2018-11-21,3,2052329,viewership,2018
WWE_0424,Raw 2018-11,raw,2018-11-23,3,2494062,viewership,2018
WWE_0425,Smackdown 2018-11,smackdown,2018-11-26,3,1913538,viewership,2018
WWE_0426,Smackdown 2018-11,smackdown,2018-11-28,3,1455280,viewership,2018
WWE_0427,Smackdown 2018-12,smackdown,2018-12-01,3,1810076,viewership,2018
WWE_0428,Raw 2018-12,raw,2018-12-03,3,2296957,viewership,2018
WWE_0429,Ppv Regular 2018-12,ppv_regular,2018-12-06,5,213685,buyrate,2018
WWE_0430,Smackdown 2018-12,smackdown,2018-12-08,3,1995088,viewership,2018
WWE_0431,Smackdown 2018-12,smackdown,2018-12-11,3,2057784,viewership,2018
WWE_0432,Smackdown 2018-12,smackdown,2018-12-13,3,1859581,viewership,2018
WWE_0433,Raw 2018-12,raw,2018-12-16,3,2070217,viewership,2018
WWE_0434,Smackdown 2018-12,smackdown,2018-12-18,3,1517048,viewership,2018
WWE_0435,Smackdown 2018-12,smackdown,2018-12-21,3,1840620,viewership,2018
WWE_0436,Raw 2018-12,raw,2018-12-23,3,2017272,viewership,2018
WWE_0437,Smackdown 2018-12,smackdown,2018-12-26,3,2080202,viewership,2018
WWE_0438,Raw 2018-12,raw,2018-12-28,3,2291292,viewership,2018
WWE_0439,Smackdown 2018-12,smackdown,2018-12-31,3,1718389,viewership,2018
WWE_0440,Raw 2019-01,raw,2019-01-02,3,2279513,viewership,2019
WWE_0441,Smackdown 2019-01,smackdown,2019-01-05,3,1932632,viewership,2019
WWE_0442,Smackdown 2019-01,smackdown,2019-01-07,3,1616985,viewership,2019
WWE_0443,Smackdown 2019-01,smackdown,2019-01-10,3,2212762,viewership,2019
WWE_0444,Ppv Regular 2019-01,ppv_regular,2019-01-12,5,153260,buyrate,2019
WWE_0445,Smackdown 2019-01,smackdown,2019-01-15,3,2310161,viewership,2019
WWE_0446,Smackdown 2019-01,smackdown,2019-01-17,3,2326440,viewership,2019
WWE_0447,Raw 2019-01,raw,2019-01-20,3,2306386,viewership,2019
WWE_0448,Smackdown 2019-01,smackdown,2019-01-22,3,1852555,viewership,2019
WWE_0449,Smackdown 2019-01,smackdown,2019-01-25,3,2092196,viewership,2019
WWE_0450,Smackdown 2019-01,smackdown,2019-01-27,3,1726105,viewership,2019
WWE_0451,Smackdown 2019-01,smackdown,2019-01-30,3,2343181,viewership,2019
WWE_0452,Raw 2019-02,raw,2019-02-01,3,2128147,viewership,2019
WWE_0453,Smackdown 2019-02,smackdown,2019-02-04,3,1996082,viewership,2019
WWE_0454,Raw 2019-02,raw,2019-02-06,3,2167536,viewership,2019
WWE_0455,Raw 2019-02,raw,2019-02-09,3,1629541,viewership,2019
WWE_0456,Raw 2019-02,raw,2019-02-11,3,1629701,viewership,2019
WWE_0457,Raw 2019-02,raw,2019-02-14,3,2518261,viewership,2019
WWE_0458,Raw 2019-02,raw,2019-02-16,3,2025326,viewership,2019
WWE_0459,Raw 2019-02,raw,2019-02-19,3,1864012,viewership,2019
WWE_0460,Raw 2019-02,raw,2019-02-21,3,1976596,viewership,2019
WWE_0461,Raw 2019-02,raw,2019-02-24,3,1900945,viewership,2019
WWE_0462,Smackdown 2019-02,smackdown,2019-02-26,3,2046577,viewership,2019
WWE_0463,Smackdown 2019-03,smackdown,2019-03-01,3,2050853,viewership,2019
WWE_0464,Raw 2019-03,raw,2019-03-03,3,2192890,viewership,2019
WWE_0465,Survivor Series 2019-03,survivor_series,2019-03-06,7,221963,buyrate,2019
WWE_0466,Raw 2019-03,raw,2019-03-08,3,2310449,viewership,2019
WWE_0467,Raw 2019-03,raw,2019-03-11,3,2125121,viewership,2019
WWE_0468,Ppv Regular 2019-03,ppv_regular,2019-03-13,5,182971,buyrate,2019
WWE_0469,Raw 2019-03,raw,2019-03-16,3,2228544,viewership,2019
WWE_0470,Summerslam 2019-03,summerslam,2019-03-18,9,391928,buyrate,2019
WWE_0471,Ppv Regular 2019-03,ppv_regular,2019-03-21,5,144326,buyrate,2019
WWE_0472,Smackdown 2019-03,smackdown,2019-03-23,3,2391731,viewership,2019
WWE_0473,Smackdown 2019-03,smackdown,2019-03-26,3,1856788,viewership,2019
WWE_0474,Raw 2019-03,raw,2019-03-28,3,1884348,viewership,2019
WWE_0475,Raw 2019-03,raw,2019-03-31,3,2262030,viewership,2019
WWE_0476,Ppv Regular 2019-04,ppv_regular,2019-04-02,5,134886,buyrate,2019
WWE_0477,Smackdown 2019-04,smackdown,2019-04-05,3,1834540,viewership,2019
WWE_0478,Raw 2019-04,raw,2019-04-07,3,2555135,viewership,2019
WWE_0479,Ppv Regular 2019-04,ppv_regular,2019-04-10,5,224228,buyrate,2019
WWE_0480,Smackdown 2019-04,smackdown,2019-04-12,3,1726019,viewership,2019
WWE_0481,Smackdown 2019-04,smackdown,2019-04-15,3,2136631,viewership,2019
WWE_0482,Smackdown 2019-04,smackdown,2019-04-17,3,2274527,viewership,2019
WWE_0483,Smackdown 2019-04,smackdown,2019-04-20,3,1930079,viewership,2019
WWE_0484,Smackdown 2019-04,smackdown,2019-04-22,3,2026593,viewership,2019
WWE_0485,Smackdown 2019-04,smackdown,2019-04-25,3,1929591,viewership,2019
WWE_0486,Smackdown 2019-04,smackdown,2019-04-27,3,1354712,viewership,2019
WWE_0487,Smackdown 2019-04,smackdown,2019-04-30,3,2021016,viewership,2019
WWE_0488,Raw 2019-05,raw,2019-05-02,3,1320507,viewership,2019
WWE_0489,Raw 2019-05,raw,2019-05-05,3,2033518,viewership,2019
WWE_0490,Raw 2019-05,raw,2019-05-07,3,1878088,viewership,2019
WWE_0491,Ppv Regular 2019-05,ppv_regular,2019-05-10,5,140885,buyrate,2019
WWE_0492,Raw 2019-05,raw,2019-05-12,3,1895672,viewership,2019
WWE_0493,Smackdown 2019-05,smackdown,2019-05-15,3,2097580,viewership,2019
WWE_0494,Raw 2019-05,raw,2019-05-17,3,2092946,viewership,2019
WWE_0495,Smackdown 2019-05,smackdown,2019-05-20,3,1937024,viewership,2019
WWE_0496,Smackdown 2019-05,smackdown,2019-05-22,3,1836257,viewership,2019
WWE_0497,Smackdown 2019-05,smackdown,2019-05-25,3,1762905,viewership,2019
WWE_0498,Raw 2019-05,raw,2019-05-27,3,2313712,viewership,2019
WWE_0499,Ppv Regular 2019-05,ppv_regular,2019-05-30,5,163708,buyrate,2019
WWE_0500,Smackdown 2019-06,smackdown,2019-06-01,3,2159272,viewership,2019
WWE_0501,Raw 2019-06,raw,2019-06-04,3,1897046,viewership,2019
WWE_0502,Smackdown 2019-06,smackdown,2019-06-06,3,1766697,viewership,2019
WWE_0503,Ppv Regular 2019-06,ppv_regular,2019-06-09,5,175796,buyrate,2019
WWE_0504,Smackdown 2019-06,smackdown,2019-06-11,3,1596908,viewership,2019
WWE_0505,Smackdown 2019-06,smackdown,2019-06-14,3,2360270,viewership,2019
WWE_0506,Ppv Regular 2019-06,ppv_regular,2019-06-16,5,198912,buyrate,2019
WWE_0507,Smackdown 2019-06,smackdown,2019-06-19,3,1930792,viewership,2019
WWE_0508,Smackdown 2019-06,smackdown,2019-06-21,3,2043817,viewership,2019
WWE_0509,Raw 2019-06,raw,2019-06-24,3,2355736,viewership,2019
WWE_0510,Smackdown 2019-06,smackdown,2019-06-26,3,2044373,viewership,2019
WWE_0511,Smackdown 2019-06,smackdown,2019-06-29,3,1515633,viewership,2019
WWE_0512,Raw 2019-07,raw,2019-07-01,3,2416937,viewership,2019
WWE_0513,Smackdown 2019-07,smackdown,2019-07-04,3,2219001,viewership,2019
WWE_0514,Wrestlemania 2019-07,wrestlemania,2019-07-06,10,767697,buyrate,2019
WWE_0515,Raw 2019-07,raw,2019-07-09,3,1866678,viewership,2019
WWE_0516,Raw 2019-07,raw,2019-07-11,3,2156389,viewership,2019
WWE_0517,Smackdown 2019-07,smackdown,2019-07-14,3,1482619,viewership,2019
WWE_0518,Smackdown 2019-07,smackdown,2019-07-16,3,1484753,viewership,2019
WWE_0519,Ppv Regular 2019-07,ppv_regular,2019-07-19,5,194928,buyrate,2019
WWE_0520,Smackdown 2019-07,smackdown,2019-07-21,3,2207067,viewership,2019
WWE_0521,Wrestlemania 2019-07,wrestlemania,2019-07-24,10,768281,buyrate,2019
WWE_0522,Raw 2019-07,raw,2019-07-26,3,2426039,viewership,2019
WWE_0523,Raw 2019-07,raw,2019-07-29,3,1816892,viewership,2019
WWE_0524,Raw 2019-07,raw,2019-07-31,3,2093900,viewership,2019
WWE_0525,Raw 2019-08,raw,2019-08-03,3,2026764,viewership,2019
WWE_0526,Smackdown 2019-08,smackdown,2019-08-05,3,1857649,viewership,2019
WWE_0527,Raw 2019-08,raw,2019-08-08,3,2369018,viewership,2019
WWE_0528,Smackdown 2019-08,smackdown,2019-08-10,3,2022294,viewership,2019
WWE_0529,Smackdown 2019-08,smackdown,2019-08-13,3,1721196,viewership,2019
WWE_0530,Raw 2019-08,raw,2019-08-15,3,2281724,viewership,2019
WWE_0531,Raw 2019-08,raw,2019-08-18,3,2003537,viewership,2019
WWE_0532,Ppv Regular 2019-08,ppv_regular,2019-08-20,5,209998,buyrate,2019
WWE_0533,Ppv Regular 2019-08,ppv_regular,2019-08-23,5,188434,buyrate,2019
WWE_0534,Ppv Regular 2019-08,ppv_regular,2019-08-25,5,159660,buyrate,2019
WWE_0535,Raw 2019-08,raw,2019-08-28,3,1661915,viewership,2019
WWE_0536,Smackdown 2019-08,smackdown,2019-08-30,3,1598773,viewership,2019
WWE_0537,Smackdown 2019-09,smackdown,2019-09-02,3,1467367,viewership,2019
WWE_0538,Raw 2019-09,raw,2019-09-04,3,2242655,viewership,2019
WWE_0539,Smackdown 2019-09,smackdown,2019-09-07,3,2038415,viewership,2019
WWE_0540,Raw 2019-09,raw,2019-09-09,3,1608741,viewership,2019
WWE_0541,Ppv Regular 2019-09,ppv_regular,2019-09-12,5,157487,buyrate,2019
WWE_0542,Smackdown 2019-09,smackdown,2019-09-14,3,1731187,viewership,2019
WWE_0543,Raw 2019-09,raw,2019-09-17,3,2248229,viewership,2019
WWE_0544,Smackdown 2019-09,smackdown,2019-09-19,3,1734199,viewership,2019
WWE_0545,Raw 2019-09,raw,2019-09-22,3,1696878,viewership,2019
WWE_0546,Raw 2019-09,raw,2019-09-24,3,2014063,viewership,2019
WWE_0547,Smackdown 2019-09,smackdown,2019-09-27,3,2030562,viewership,2019
WWE_0548,Raw 2019-09,raw,2019-09-29,3,1792287,viewership,2019
WWE_0549,Raw 2019-10,raw,2019-10-02,3,2129042,viewership,2019
WWE_0550,Raw 2019-10,raw,2019-10-04,3,2302053,viewership,2019
WWE_0551,Raw 2019-10,raw,2019-10-07,3,1916765,viewership,2019
WWE_0552,Raw 2019-10,raw,2019-10-09,3,1787090,viewership,2019
WWE_0553,Smackdown 2019-10,smackdown,2019-10-12,3,2076544,viewership,2019
WWE_0554,Smackdown 2019-10,smackdown,2019-10-14,3,2279394,viewership,2019
WWE_0555,Raw 2019-10,raw,2019-10-17,3,1904765,viewership,2019
WWE_0556,Raw 2019-10,raw,2019-10-19,3,1707774,viewership,2019
WWE_0557,Smackdown 2019-10,smackdown,2019-10-22,3,1845930,viewership,2019
WWE_0558,Smackdown 2019-10,smackdown,2019-10-24,3,1880229,viewership,2019
WWE_0559,Raw 2019-10,raw,2019-10-27,3,1616050,viewership,2019
WWE_0560,Raw 2019-10,raw,2019-10-29,3,1729999,viewership,2019
WWE_0561,Raw 2019-11,raw,2019-11-01,3,1885373,viewership,2019
WWE_0562,Raw 2019-11,raw,2019-11-03,3,1875630,viewership,2019
WWE_0563,Smackdown 2019-11,smackdown,2019-11-06,3,1727732,viewership,2019
WWE_0564,Ppv Regular 2019-11,ppv_regular,2019-11-08,5,191220,buyrate,2019
WWE_0565,Ppv Regular 2019-11,ppv_regular,2019-11-11,5,200899,buyrate,2019
WWE_0566,Raw 2019-11,raw,2019-11-13,3,1889343,viewership,2019
WWE_0567,Ppv Regular 2019-11,ppv_regular,2019-11-16,5,145663,buyrate,2019
WWE_0568,Smackdown 2019-11,smackdown,2019-11-18,3,1635403,viewership,2019
WWE_0569,Raw 2019-11,raw,2019-11-21,3,1533758,viewership,2019
WWE_0570,Smackdown 2019-11,smackdown,2019-11-23,3,1670424,viewership,2019
WWE_0571,Smackdown 2019-11,smackdown,2019-11-26,3,2078872,viewership,2019
WWE_0572,Smackdown 2019-11,smackdown,2019-11-28,3,1752353,viewership,2019
WWE_0573,Raw 2019-12,raw,2019-12-01,3,1854170,viewership,2019
WWE_0574,Raw 2019-12,raw,2019-12-03,3,1929893,viewership,2019
WWE_0575,Smackdown 2019-12,smackdown,2019-12-06,3,1833909,viewership,2019
WWE_0576,Smackdown 2019-12,smackdown,2019-12-08,3,1829234,viewership,2019
WWE_0577,Smackdown 2019-12,smackdown,2019-12-11,3,1913809,viewership,2019
WWE_0578,Raw 2019-12,raw,2019-12-13,3,2025853,viewership,2019
WWE_0579,Smackdown 2019-12,smackdown,2019-12-16,3,1850770,viewership,2019
WWE_0580,Raw 2019-12,raw,2019-12-18,3,1813276,viewership,2019
WWE_0581,Smackdown 2019-12,smackdown,2019-12-21,3,1879494,viewership,2019
WWE_0582,Smackdown 2019-12,smackdown,2019-12-23,3,2092419,viewership,2019
WWE_0583,Raw 2019-12,raw,2019-12-26,3,2142020,viewership,2019
WWE_0584,Raw 2019-12,raw,2019-12-28,3,2310966,viewership,2019
WWE_0585,Smackdown 2019-12,smackdown,2019-12-31,3,1563065,viewership,2019
WWE_0586,Raw 2020-01,raw,2020-01-02,3,1881303,viewership,2020
WWE_0587,Raw 2020-01,raw,2020-01-05,3,2251751,viewership,2020
WWE_0588,Raw 2020-01,raw,2020-01-07,3,1829105,viewership,2020
WWE_0589,Raw 2020-01,raw,2020-01-10,3,2022263,viewership,2020
WWE_0590,Raw 2020-01,raw,2020-01-12,3,2172297,viewership,2020
WWE_0591,Smackdown 2020-01,smackdown,2020-01-15,3,2152199,viewership,2020
WWE_0592,Smackdown 2020-01,smackdown,2020-01-17,3,2375404,viewership,2020
WWE_0593,Ppv Regular 2020-01,ppv_regular,2020-01-20,5,138492,buyrate,2020
WWE_0594,Smackdown 2020-01,smackdown,2020-01-22,3,1697877,viewership,2020
WWE_0595,Smackdown 2020-01,smackdown,2020-01-25,3,1737894,viewership,2020
WWE_0596,Smackdown 2020-01,smackdown,2020-01-27,3,2424605,viewership,2020
WWE_0597,Raw 2020-01,raw,2020-01-30,3,2227068,viewership,2020
WWE_0598,Raw 2020-02,raw,2020-02-01,3,1993371,viewership,2020
WWE_0599,Smackdown 2020-02,smackdown,2020-02-04,3,1580735,viewership,2020
WWE_0600,Raw 2020-02,raw,2020-02-06,3,2380669,viewership,2020
WWE_0601,Ppv Regular 2020-02,ppv_regular,2020-02-09,5,196867,buyrate,2020
WWE_0602,Smackdown 2020-02,smackdown,2020-02-11,3,1683096,viewership,2020
WWE_0603,Smackdown 2020-02,smackdown,2020-02-14,3,1626789,viewership,2020
WWE_0604,Smackdown 2020-02,smackdown,2020-02-16,3,1901195,viewership,2020
WWE_0605,Raw 2020-02,raw,2020-02-19,3,2356957,viewership,2020
WWE_0606,Smackdown 2020-02,smackdown,2020-02-21,3,1544469,viewership,2020
WWE_0607,Smackdown 2020-02,smackdown,2020-02-24,3,1821045,viewership,2020
WWE_0608,Raw 2020-02,raw,2020-02-26,3,2136302,viewership,2020
WWE_0609,Raw 2020-02,raw,2020-02-29,3,2255202,viewership,2020
WWE_0610,Raw 2020-03,raw,2020-03-02,3,1968396,viewership,2020
WWE_0611,Raw 2020-03,raw,2020-03-05,3,2177040,viewership,2020
WWE_0612,Ppv Regular 2020-03,ppv_regular,2020-03-07,5,140361,buyrate,2020
WWE_0613,Raw 2020-03,raw,2020-03-10,3,2257107,viewership,2020
WWE_0614,Smackdown 2020-03,smackdown,2020-03-12,3,1736331,viewership,2020
WWE_0615,Raw 2020-03,raw,2020-03-15,3,1652903,viewership,2020
WWE_0616,Raw 2020-03,raw,2020-03-17,3,1998396,viewership,2020
WWE_0617,Raw 2020-03,raw,2020-03-20,3,1780003,viewership,2020
WWE_0618,Raw 2020-03,raw,2020-03-22,3,1556264,viewership,2020
WWE_0619,Smackdown 2020-03,smackdown,2020-03-25,3,1791960,viewership,2020
WWE_0620,Raw 2020-03,raw,2020-03-27,3,2591484,viewership,2020
WWE_0621,Raw 2020-03,raw,2020-03-30,3,1922247,viewership,2020
WWE_0622,Raw 2020-04,raw,2020-04-01,3,1850654,viewership,2020
WWE_0623,Ppv Regular 2020-04,ppv_regular,2020-04-04,5,194862,buyrate,2020
WWE_0624,Raw 2020-04,raw,2020-04-06,3,1881102,viewership,2020
WWE_0625,Raw 2020-04,raw,2020-04-09,3,1852546,viewership,2020
WWE_0626,Raw 2020-04,raw,2020-04-11,3,2018677,viewership,2020
WWE_0627,Smackdown 2020-04,smackdown,2020-04-14,3,2008139,viewership,2020
WWE_0628,Raw 2020-04,raw,2020-04-16,3,1630181,viewership,2020
WWE_0629,Raw 2020-04,raw,2020-04-19,3,1921279,viewership,2020
WWE_0630,Smackdown 2020-04,smackdown,2020-04-21,3,1793071,viewership,2020
WWE_0631,Smackdown 2020-04,smackdown,2020-04-24,3,2362964,viewership,2020
WWE_0632,Raw 2020-04,raw,2020-04-26,3,1643586,viewership,2020
WWE_0633,Raw 2020-04,raw,2020-04-29,3,1638873,viewership,2020
WWE_0634,Raw 2020-05,raw,2020-05-01,3,1943316,viewership,2020
WWE_0635,Raw 2020-05,raw,2020-05-04,3,1549117,viewership,2020
WWE_0636,Raw 2020-05,raw,2020-05-06,3,1780106,viewership,2020
WWE_0637,Raw 2020-05,raw,2020-05-09,3,1835320,viewership,2020
WWE_0638,Ppv Regular 2020-05,ppv_regular,2020-05-11,5,196289,buyrate,2020
WWE_0639,Raw 2020-05,raw,2020-05-14,3,2088957,viewership,2020
WWE_0640,Smackdown 2020-05,smackdown,2020-05-16,3,1773238,viewership,2020
WWE_0641,Smackdown 2020-05,smackdown,2020-05-19,3,1799143,viewership,2020
WWE_0642,Ppv Regular 2020-05,ppv_regular,2020-05-21,5,153465,buyrate,2020
WWE_0643,Raw 2020-05,raw,2020-05-24,3,2147998,viewership,2020
WWE_0644,Raw 2020-05,raw,2020-05-26,3,1704762,viewership,2020
WWE_0645,Raw 2020-05,raw,2020-05-29,3,1963472,viewership,2020
WWE_0646,Raw 2020-05,raw,2020-05-31,3,1682678,viewership,2020
WWE_0647,Raw 2020-06,raw,2020-06-03,3,1916054,viewership,2020
WWE_0648,Raw 2020-06,raw,2020-06-05,3,1939338,viewership,2020
WWE_0649,Smackdown 2020-06,smackdown,2020-06-08,3,1981896,viewership,2020
WWE_0650,Raw 2020-06,raw,2020-06-10,3,2126872,viewership,2020
WWE_0651,Raw 2020-06,raw,2020-06-13,3,1621812,viewership,2020
WWE_0652,Smackdown 2020-06,smackdown,2020-06-15,3,2028560,viewership,2020
WWE_0653,Smackdown 2020-06,smackdown,2020-06-18,3,2036455,viewership,2020
WWE_0654,Raw 2020-06,raw,2020-06-20,3,1958069,viewership,2020
WWE_0655,Smackdown 2020-06,smackdown,2020-06-23,3,1712875,viewership,2020
WWE_0656,Smackdown 2020-06,smackdown,2020-06-25,3,1712665,viewership,2020
WWE_0657,Ppv Regular 2020-06,ppv_regular,2020-06-28,5,172077,buyrate,2020
WWE_0658,Ppv Regular 2020-06,ppv_regular,2020-06-30,5,158078,buyrate,2020
WWE_0659,Raw 2020-07,raw,2020-07-03,3,1810493,viewership,2020
WWE_0660,Smackdown 2020-07,smackdown,2020-07-05,3,1832079,viewership,2020
WWE_0661,Smackdown 2020-07,smackdown,2020-07-08,3,1341958,viewership,2020
WWE_0662,Smackdown 2020-07,smackdown,2020-07-10,3,1982764,viewership,2020
WWE_0663,Smackdown 2020-07,smackdown,2020-07-13,3,1524071,viewership,2020
WWE_0664,Smackdown 2020-07,smackdown,2020-07-15,3,1823577,viewership,2020
WWE_0665,Smackdown 2020-07,smackdown,2020-07-18,3,1864881,viewership,2020
WWE_0666,Raw 2020-07,raw,2020-07-20,3,2013606,viewership,2020
WWE_0667,Smackdown 2020-07,smackdown,2020-07-23,3,1396538,viewership,2020
WWE_0668,Smackdown 2020-07,smackdown,2020-07-25,3,1837865,viewership,2020
WWE_0669,Raw 2020-07,raw,2020-07-28,3,2090939,viewership,2020
WWE_0670,Ppv Regular 2020-07,ppv_regular,2020-07-30,5,137826,buyrate,2020
WWE_0671,Raw 2020-08,raw,2020-08-02,3,1645418,viewership,2020
WWE_0672,Raw 2020-08,raw,2020-08-04,3,1690589,viewership,2020
WWE_0673,Raw 2020-08,raw,2020-08-07,3,2221584,viewership,2020
WWE_0674,Raw 2020-08,raw,2020-08-09,3,2495690,viewership,2020
WWE_0675,Raw 2020-08,raw,2020-08-12,3,2083757,viewership,2020
WWE_0676,Raw 2020-08,raw,2020-08-14,3,1791638,viewership,2020
WWE_0677,Ppv Regular 2020-08,ppv_regular,2020-08-17,5,151641,buyrate,2020
WWE_0678,Raw 2020-08,raw,2020-08-19,3,1550470,viewership,2020
WWE_0679,Raw 2020-08,raw,2020-08-22,3,1983148,viewership,2020
WWE_0680,Raw 2020-08,raw,2020-08-24,3,1818404,viewership,2020
WWE_0681,Raw 2020-08,raw,2020-08-27,3,2117009,viewership,2020
WWE_0682,Smackdown 2020-08,smackdown,2020-08-29,3,1961711,viewership,2020
WWE_0683,Smackdown 2020-09,smackdown,2020-09-01,3,2067799,viewership,2020
WWE_0684,Raw 2020-09,raw,2020-09-03,3,2182885,viewership,2020
WWE_0685,Smackdown 2020-09,smackdown,2020-09-06,3,2030859,viewership,2020
WWE_0686,Raw 2020-09,raw,2020-09-08,3,2030365,viewership,2020
WWE_0687,Raw 2020-09,raw,2020-09-11,3,1866657,viewership,2020
WWE_0688,Smackdown 2020-09,smackdown,2020-09-13,3,1904126,viewership,2020
WWE_0689,Smackdown 2020-09,smackdown,2020-09-16,3,1476671,viewership,2020
WWE_0690,Raw 2020-09,raw,2020-09-18,3,2130057,viewership,2020
WWE_0691,Raw 2020-09,raw,2020-09-21,3,2092558,viewership,2020
WWE_0692,Raw 2020-09,raw,2020-09-23,3,1983576,viewership,2020
WWE_0693,Smackdown 2020-09,smackdown,2020-09-26,3,1459666,viewership,2020
WWE_0694,Raw 2020-09,raw,2020-09-28,3,2162944,viewership,2020
WWE_0695,Smackdown 2020-10,smackdown,2020-10-01,3,1612566,viewership,2020
WWE_0696,Raw 2020-10,raw,2020-10-03,3,2252503,viewership,2020
WWE_0697,Smackdown 2020-10,smackdown,2020-10-06,3,1986833,viewership,2020
WWE_0698,Raw 2020-10,raw,2020-10-08,3,1781696,viewership,2020
WWE_0699,Smackdown 2020-10,smackdown,2020-10-11,3,1448629,viewership,2020
WWE_0700,Smackdown 2020-10,smackdown,2020-10-13,3,1689462,viewership,2020
WWE_0701,Smackdown 2020-10,smackdown,2020-10-16,3,1420806,viewership,2020
WWE_0702,Raw 2020-10,raw,2020-10-18,3,2329268,viewership,2020
WWE_0703,Smackdown 2020-10,smackdown,2020-10-21,3,1837984,viewership,2020
WWE_0704,Smackdown 2020-10,smackdown,2020-10-23,3,1600692,viewership,2020
WWE_0705,Smackdown 2020-10,smackdown,2020-10-26,3,1962209,viewership,2020
WWE_0706,Raw 2020-10,raw,2020-10-28,3,1681056,viewership,2020
WWE_0707,Raw 2020-10,raw,2020-10-31,3,2003486,viewership,2020
WWE_0708,Raw 2020-11,raw,2020-11-02,3,1764779,viewership,2020
WWE_0709,Smackdown 2020-11,smackdown,2020-11-05,3,1639565,viewership,2020
WWE_0710,Smackdown 2020-11,smackdown,2020-11-07,3,1664186,viewership,2020
WWE_0711,Raw 2020-11,raw,2020-11-10,3,1600455,viewership,2020
WWE_0712,Ppv Regular 2020-11,ppv_regular,2020-11-12,5,155886,buyrate,2020
WWE_0713,Raw 2020-11,raw,2020-11-15,3,1915083,viewership,2020
WWE_0714,Raw 2020-11,raw,2020-11-17,3,1764435,viewership,2020
WWE_0715,Smackdown 2020-11,smackdown,2020-11-20,3,1464500,viewership,2020
WWE_0716,Raw 2020-11,raw,2020-11-22,3,2062581,viewership,2020
WWE_0717,Raw 2020-11,raw,2020-11-25,3,1678198,viewership,2020
WWE_0718,Smackdown 2020-11,smackdown,2020-11-27,3,1769686,viewership,2020
WWE_0719,Raw 2020-11,raw,2020-11-30,3,2000148,viewership,2020
WWE_0720,Smackdown 2020-12,smackdown,2020-12-02,3,1523631,viewership,2020
WWE_0721,Raw 2020-12,raw,2020-12-05,3,1645896,viewership,2020
WWE_0722,Raw 2020-12,raw,2020-12-07,3,1919406,viewership,2020
WWE_0723,Raw 2020-12,raw,2020-12-10,3,1877586,viewership,2020
WWE_0724,Smackdown 2020-12,smackdown,2020-12-12,3,1879817,viewership,2020
WWE_0725,Smackdown 2020-12,smackdown,2020-12-15,3,1666578,viewership,2020
WWE_0726,Raw 2020-12,raw,2020-12-17,3,2319306,viewership,2020
WWE_0727,Smackdown 2020-12,smackdown,2020-12-20,3,1919042,viewership,2020
WWE_0728,Raw 2020-12,raw,2020-12-22,3,1612345,viewership,2020
WWE_0729,Smackdown 2020-12,smackdown,2020-12-25,3,1796681,viewership,2020
WWE_0730,Raw 2020-12,raw,2020-12-27,3,1802559,viewership,2020
WWE_0731,Smackdown 2020-12,smackdown,2020-12-30,3,1609130,viewership,2020
WWE_0732,Smackdown 2021-01,smackdown,2021-01-01,3,1956929,viewership,2021
WWE_0733,Raw 2021-01,raw,2021-01-04,3,1995019,viewership,2021
WWE_0734,Smackdown 2021-01,smackdown,2021-01-06,3,1982936,viewership,2021
WWE_0735,Smackdown 2021-01,smackdown,2021-01-09,3,1450827,viewership,2021
WWE_0736,Raw 2021-01,raw,2021-01-11,3,1606716,viewership,2021
WWE_0737,Raw 2021-01,raw,2021-01-14,3,1992551,viewership,2021
WWE_0738,Ppv Regular 2021-01,ppv_regular,2021-01-16,5,127676,buyrate,2021
WWE_0739,Raw 2021-01,raw,2021-01-19,3,2221154,viewership,2021
WWE_0740,Raw 2021-01,raw,2021-01-21,3,1831271,viewership,2021
WWE_0741,Raw 2021-01,raw,2021-01-24,3,2183984,viewership,2021
WWE_0742,Raw 2021-01,raw,2021-01-26,3,1742852,viewership,2021
WWE_0743,Smackdown 2021-01,smackdown,2021-01-29,3,1981630,viewership,2021
WWE_0744,Raw 2021-01,raw,2021-01-31,3,1920727,viewership,2021
WWE_0745,Smackdown 2021-02,smackdown,2021-02-03,3,1356282,viewership,2021
WWE_0746,Smackdown 2021-02,smackdown,2021-02-05,3,1717836,viewership,2021
WWE_0747,Raw 2021-02,raw,2021-02-08,3,1723965,viewership,2021
WWE_0748,Ppv Regular 2021-02,ppv_regular,2021-02-10,5,145715,buyrate,2021
WWE_0749,Smackdown 2021-02,smackdown,2021-02-13,3,1550391,viewership,2021
WWE_0750,Smackdown 2021-02,smackdown,2021-02-15,3,1777232,viewership,2021
WWE_0751,Raw 2021-02,raw,2021-02-18,3,1812894,viewership,2021
WWE_0752,Smackdown 2021-02,smackdown,2021-02-20,3,1360468,viewership,2021
WWE_0753,Raw 2021-02,raw,2021-02-23,3,1606531,viewership,2021
WWE_0754,Smackdown 2021-02,smackdown,2021-02-25,3,1822469,viewership,2021
WWE_0755,Raw 2021-02,raw,2021-02-28,3,2057944,viewership,2021
WWE_0756,Raw 2021-03,raw,2021-03-02,3,1871397,viewership,2021
WWE_0757,Smackdown 2021-03,smackdown,2021-03-05,3,1258352,viewership,2021
WWE_0758,Raw 2021-03,raw,2021-03-07,3,1609118,viewership,2021
WWE_0759,Ppv Regular 2021-03,ppv_regular,2021-03-10,5,179710,buyrate,2021
WWE_0760,Smackdown 2021-03,smackdown,2021-03-12,3,1726663,viewership,2021
WWE_0761,Smackdown 2021-03,smackdown,2021-03-15,3,1489372,viewership,2021
WWE_0762,Raw 2021-03,raw,2021-03-17,3,1893593,viewership,2021
WWE_0763,Raw 2021-03,raw,2021-03-20,3,1461081,viewership,2021
WWE_0764,Smackdown 2021-03,smackdown,2021-03-22,3,1617432,viewership,2021
WWE_0765,Raw 2021-03,raw,2021-03-25,3,1498893,viewership,2021
WWE_0766,Raw 2021-03,raw,2021-03-27,3,1681394,viewership,2021
WWE_0767,Smackdown 2021-03,smackdown,2021-03-30,3,1714738,viewership,2021
WWE_0768,Raw 2021-04,raw,2021-04-01,3,1861849,viewership,2021
WWE_0769,Raw 2021-04,raw,2021-04-04,3,1627319,viewership,2021
WWE_0770,Smackdown 2021-04,smackdown,2021-04-06,3,1691507,viewership,2021
WWE_0771,Raw 2021-04,raw,2021-04-09,3,1910488,viewership,2021
WWE_0772,Ppv Regular 2021-04,ppv_regular,2021-04-11,5,153059,buyrate,2021
WWE_0773,Smackdown 2021-04,smackdown,2021-04-14,3,1659165,viewership,2021
WWE_0774,Smackdown 2021-04,smackdown,2021-04-16,3,1891224,viewership,2021
WWE_0775,Raw 2021-04,raw,2021-04-19,3,1894883,viewership,2021
WWE_0776,Raw 2021-04,raw,2021-04-21,3,1990410,viewership,2021
WWE_0777,Smackdown 2021-04,smackdown,2021-04-24,3,1628608,viewership,2021
WWE_0778,Raw 2021-04,raw,2021-04-26,3,1504934,viewership,2021
WWE_0779,Smackdown 2021-04,smackdown,2021-04-29,3,1592115,viewership,2021
WWE_0780,Raw 2021-05,raw,2021-05-01,3,1979442,viewership,2021
WWE_0781,Smackdown 2021-05,smackdown,2021-05-04,3,1786730,viewership,2021
WWE_0782,Raw 2021-05,raw,2021-05-06,3,1827995,viewership,2021
WWE_0783,Raw 2021-05,raw,2021-05-09,3,1641620,viewership,2021
WWE_0784,Raw 2021-05,raw,2021-05-11,3,1690697,viewership,2021
WWE_0785,Raw 2021-05,raw,2021-05-14,3,1752204,viewership,2021
WWE_0786,Smackdown 2021-05,smackdown,2021-05-16,3,1253944,viewership,2021
WWE_0787,Raw 2021-05,raw,2021-05-19,3,1993001,viewership,2021
WWE_0788,Raw 2021-05,raw,2021-05-21,3,1675345,viewership,2021
WWE_0789,Raw 2021-05,raw,2021-05-24,3,2198874,viewership,2021
WWE_0790,Raw 2021-05,raw,2021-05-26,3,1922518,viewership,2021
WWE_0791,Raw 2021-05,raw,2021-05-29,3,1751106,viewership,2021
WWE_0792,Smackdown 2021-05,smackdown,2021-05-31,3,1656112,viewership,2021
WWE_0793,Raw 2021-06,raw,2021-06-03,3,2053223,viewership,2021
WWE_0794,Smackdown 2021-06,smackdown,2021-06-05,3,1218316,viewership,2021
WWE_0795,Raw 2021-06,raw,2021-06-08,3,1818847,viewership,2021
WWE_0796,Smackdown 2021-06,smackdown,2021-06-10,3,1464434,viewership,2021
WWE_0797,Raw 2021-06,raw,2021-06-13,3,1637934,viewership,2021
WWE_0798,Smackdown 2021-06,smackdown,2021-06-15,3,1836835,viewership,2021
WWE_0799,Ppv Regular 2021-06,ppv_regular,2021-06-18,5,164302,buyrate,2021
WWE_0800,Raw 2021-06,raw,2021-06-20,3,1602280,viewership,2021
WWE_0801,Raw 2021-06,raw,2021-06-23,3,1688287,viewership,2021
WWE_0802,Ppv Regular 2021-06,ppv_regular,2021-06-25,5,133686,buyrate,2021
WWE_0803,Raw 2021-06,raw,2021-06-28,3,1637513,viewership,2021
WWE_0804,Smackdown 2021-06,smackdown,2021-06-30,3,1452553,viewership,2021
WWE_0805,Raw 2021-07,raw,2021-07-03,3,2016643,viewership,2021
WWE_0806,Smackdown 2021-07,smackdown,2021-07-05,3,1712751,viewership,2021
WWE_0807,Raw 2021-07,raw,2021-07-08,3,1572874,viewership,2021
WWE_0808,Smackdown 2021-07,smackdown,2021-07-10,3,1679295,viewership,2021
WWE_0809,Raw 2021-07,raw,2021-07-13,3,1694399,viewership,2021
WWE_0810,Smackdown 2021-07,smackdown,2021-07-15,3,1395965,viewership,2021
WWE_0811,Ppv Regular 2021-07,ppv_regular,2021-07-18,5,150896,buyrate,2021
WWE_0812,Raw 2021-07,raw,2021-07-20,3,1639747,viewership,2021
WWE_0813,Smackdown 2021-07,smackdown,2021-07-23,3,1240273,viewership,2021
WWE_0814,Ppv Regular 2021-07,ppv_regular,2021-07-25,5,127509,buyrate,2021
WWE_0815,Smackdown 2021-07,smackdown,2021-07-28,3,1512680,viewership,2021
WWE_0816,Raw 2021-07,raw,2021-07-30,3,1943861,viewership,2021
WWE_0817,Raw 2021-08,raw,2021-08-02,3,1926280,viewership,2021
WWE_0818,Raw 2021-08,raw,2021-08-04,3,1676518,viewership,2021
WWE_0819,Smackdown 2021-08,smackdown,2021-08-07,3,1574982,viewership,2021
WWE_0820,Smackdown 2021-08,smackdown,2021-08-09,3,2043943,viewership,2021
WWE_0821,Raw 2021-08,raw,2021-08-12,3,1949839,viewership,2021
WWE_0822,Survivor Series 2021-08,survivor_series,2021-08-14,7,175962,buyrate,2021
WWE_0823,Ppv Regular 2021-08,ppv_regular,2021-08-17,5,160173,buyrate,2021
WWE_0824,Raw 2021-08,raw,2021-08-19,3,1748600,viewership,2021
WWE_0825,Raw 2021-08,raw,2021-08-22,3,1857865,viewership,2021
WWE_0826,Smackdown 2021-08,smackdown,2021-08-24,3,1518437,viewership,2021
WWE_0827,Raw 2021-08,raw,2021-08-27,3,1925667,viewership,2021
WWE_0828,Raw 2021-08,raw,2021-08-29,3,1821227,viewership,2021
WWE_0829,Raw 2021-09,raw,2021-09-01,3,1884870,viewership,2021
WWE_0830,Smackdown 2021-09,smackdown,2021-09-03,3,1852661,viewership,2021
WWE_0831,Raw 2021-09,raw,2021-09-06,3,1683618,viewership,2021
WWE_0832,Ppv Regular 2021-09,ppv_regular,2021-09-08,5,160950,buyrate,2021
WWE_0833,Smackdown 2021-09,smackdown,2021-09-11,3,1646019,viewership,2021
WWE_0834,Ppv Regular 2021-09,ppv_regular,2021-09-13,5,141576,buyrate,2021
WWE_0835,Smackdown 2021-09,smackdown,2021-09-16,3,1580609,viewership,2021
WWE_0836,Raw 2021-09,raw,2021-09-18,3,1611583,viewership,2021
WWE_0837,Raw 2021-09,raw,2021-09-21,3,1629937,viewership,2021
WWE_0838,Smackdown 2021-09,smackdown,2021-09-23,3,1732413,viewership,2021
WWE_0839,Raw 2021-09,raw,2021-09-26,3,1665149,viewership,2021
WWE_0840,Raw 2021-09,raw,2021-09-28,3,1972938,viewership,2021
WWE_0841,Raw 2021-10,raw,2021-10-01,3,1665361,viewership,2021
WWE_0842,Smackdown 2021-10,smackdown,2021-10-03,3,1910742,viewership,2021
WWE_0843,Smackdown 2021-10,smackdown,2021-10-06,3,1712801,viewership,2021
WWE_0844,Smackdown 2021-10,smackdown,2021-10-08,3,1597753,viewership,2021
WWE_0845,Smackdown 2021-10,smackdown,2021-10-11,3,1395046,viewership,2021
WWE_0846,Smackdown 2021-10,smackdown,2021-10-13,3,1434889,viewership,2021
WWE_0847,Smackdown 2021-10,smackdown,2021-10-16,3,1692976,viewership,2021
WWE_0848,Smackdown 2021-10,smackdown,2021-10-18,3,1694031,viewership,2021
WWE_0849,Smackdown 2021-10,smackdown,2021-10-21,3,1559815,viewership,2021
WWE_0850,Smackdown 2021-10,smackdown,2021-10-23,3,1683613,viewership,2021
WWE_0851,Raw 2021-10,raw,2021-10-26,3,1867359,viewership,2021
WWE_0852,Smackdown 2021-10,smackdown,2021-10-28,3,1674862,viewership,2021
WWE_0853,Raw 2021-10,raw,2021-10-31,3,1598122,viewership,2021
WWE_0854,Raw 2021-11,raw,2021-11-02,3,1551990,viewership,2021
WWE_0855,Raw 2021-11,raw,2021-11-05,3,1961901,viewership,2021
WWE_0856,Smackdown 2021-11,smackdown,2021-11-07,3,1651639,viewership,2021
WWE_0857,Smackdown 2021-11,smackdown,2021-11-10,3,1571353,viewership,2021
WWE_0858,Raw 2021-11,raw,2021-11-12,3,1443989,viewership,2021
WWE_0859,Smackdown 2021-11,smackdown,2021-11-15,3,1418145,viewership,2021
WWE_0860,Smackdown 2021-11,smackdown,2021-11-17,3,1654227,viewership,2021
WWE_0861,Raw 2021-11,raw,2021-11-20,3,1729067,viewership,2021
WWE_0862,Raw 2021-11,raw,2021-11-22,3,1726048,viewership,2021
WWE_0863,Smackdown 2021-11,smackdown,2021-11-25,3,1842738,viewership,2021
WWE_0864,Smackdown 2021-11,smackdown,2021-11-27,3,1761130,viewership,2021
WWE_0865,Raw 2021-11,raw,2021-11-30,3,2177456,viewership,2021
WWE_0866,Smackdown 2021-12,smackdown,2021-12-02,3,1438874,viewership,2021
WWE_0867,Raw 2021-12,raw,2021-12-05,3,1691250,viewership,2021
WWE_0868,Ppv Regular 2021-12,ppv_regular,2021-12-07,5,121893,buyrate,2021
WWE_0869,Smackdown 2021-12,smackdown,2021-12-10,3,1534335,viewership,2021
WWE_0870,Smackdown 2021-12,smackdown,2021-12-12,3,1662790,viewership,2021
WWE_0871,Smackdown 2021-12,smackdown,2021-12-15,3,1545418,viewership,2021
WWE_0872,Raw 2021-12,raw,2021-12-17,3,1607219,viewership,2021
WWE_0873,Smackdown 2021-12,smackdown,2021-12-20,3,1632407,viewership,2021
WWE_0874,Raw 2021-12,raw,2021-12-22,3,1580296,viewership,2021
WWE_0875,Raw 2021-12,raw,2021-12-25,3,1692454,viewership,2021
WWE_0876,Smackdown 2021-12,smackdown,2021-12-27,3,1525148,viewership,2021
WWE_0877,Raw 2021-12,raw,2021-12-30,3,1733543,viewership,2021
WWE_0878,Smackdown 2022-01,smackdown,2022-01-01,3,1517926,viewership,2022
WWE_0879,Smackdown 2022-01,smackdown,2022-01-04,3,1743126,viewership,2022
WWE_0880,Smackdown 2022-01,smackdown,2022-01-06,3,1359560,viewership,2022
WWE_0881,Raw 2022-01,raw,2022-01-09,3,1753066,viewership,2022
WWE_0882,Smackdown 2022-01,smackdown,2022-01-11,3,1729832,viewership,2022
WWE_0883,Ppv Regular 2022-01,ppv_regular,2022-01-14,5,153396,buyrate,2022
WWE_0884,Raw 2022-01,raw,2022-01-16,3,1836482,viewership,2022
WWE_0885,Raw 2022-01,raw,2022-01-19,3,1729761,viewership,2022
WWE_0886,Raw 2022-01,raw,2022-01-21,3,1846615,viewership,2022
WWE_0887,Smackdown 2022-01,smackdown,2022-01-24,3,1605447,viewership,2022
WWE_0888,Raw 2022-01,raw,2022-01-26,3,1644608,viewership,2022
WWE_0889,Smackdown 2022-01,smackdown,2022-01-29,3,1789029,viewership,2022
WWE_0890,Raw 2022-01,raw,2022-01-31,3,1762331,viewership,2022
WWE_0891,Smackdown 2022-02,smackdown,2022-02-03,3,1457829,viewership,2022
WWE_0892,Raw 2022-02,raw,2022-02-05,3,1327513,viewership,2022
WWE_0893,Smackdown 2022-02,smackdown,2022-02-08,3,1379243,viewership,2022
WWE_0894,Raw 2022-02,raw,2022-02-10,3,1918380,viewership,2022
WWE_0895,Smackdown 2022-02,smackdown,2022-02-13,3,1494975,viewership,2022
WWE_0896,Raw 2022-02,raw,2022-02-15,3,1805403,viewership,2022
WWE_0897,Smackdown 2022-02,smackdown,2022-02-18,3,1545018,viewership,2022
WWE_0898,Smackdown 2022-02,smackdown,2022-02-20,3,1541764,viewership,2022
WWE_0899,Raw 2022-02,raw,2022-02-23,3,1644201,viewership,2022
WWE_0900,Raw 2022-02,raw,2022-02-25,3,1833850,viewership,2022
WWE_0901,Smackdown 2022-02,smackdown,2022-02-28,3,1948498,viewership,2022
WWE_0902,Raw 2022-03,raw,2022-03-02,3,1634913,viewership,2022
WWE_0903,Raw 2022-03,raw,2022-03-05,3,1681695,viewership,2022
WWE_0904,Raw 2022-03,raw,2022-03-07,3,2055058,viewership,2022
WWE_0905,Raw 2022-03,raw,2022-03-10,3,1650347,viewership,2022
WWE_0906,Smackdown 2022-03,smackdown,2022-03-12,3,1717529,viewership,2022
WWE_0907,Raw 2022-03,raw,2022-03-15,3,1874076,viewership,2022
WWE_0908,Smackdown 2022-03,smackdown,2022-03-17,3,1514816,viewership,2022
WWE_0909,Raw 2022-03,raw,2022-03-20,3,1438070,viewership,2022
WWE_0910,Raw 2022-03,raw,2022-03-22,3,1707724,viewership,2022
WWE_0911,Smackdown 2022-03,smackdown,2022-03-25,3,1801396,viewership,2022
WWE_0912,Smackdown 2022-03,smackdown,2022-03-27,3,1595358,viewership,2022
WWE_0913,Raw 2022-03,raw,2022-03-30,3,1553638,viewership,2022
WWE_0914,Smackdown 2022-04,smackdown,2022-04-01,3,1448537,viewership,2022
WWE_0915,Raw 2022-04,raw,2022-04-04,3,1569796,viewership,2022
WWE_0916,Raw 2022-04,raw,2022-04-06,3,1746178,viewership,2022
WWE_0917,Smackdown 2022-04,smackdown,2022-04-09,3,1547852,viewership,2022
WWE_0918,Smackdown 2022-04,smackdown,2022-04-11,3,1634179,viewership,2022
WWE_0919,Smackdown 2022-04,smackdown,2022-04-14,3,1518673,viewership,2022
WWE_0920,Smackdown 2022-04,smackdown,2022-04-16,3,1830869,viewership,2022
WWE_0921,Smackdown 2022-04,smackdown,2022-04-19,3,1168999,viewership,2022
WWE_0922,Smackdown 2022-04,smackdown,2022-04-21,3,1925467,viewership,2022
WWE_0923,Smackdown 2022-04,smackdown,2022-04-24,3,1495936,viewership,2022
WWE_0924,Raw 2022-04,raw,2022-04-26,3,1731718,viewership,2022
WWE_0925,Smackdown 2022-04,smackdown,2022-04-29,3,1440380,viewership,2022
WWE_0926,Ppv Regular 2022-05,ppv_regular,2022-05-01,5,137531,buyrate,2022
WWE_0927,Smackdown 2022-05,smackdown,2022-05-04,3,1768028,viewership,2022
WWE_0928,Smackdown 2022-05,smackdown,2022-05-06,3,1728308,viewership,2022
WWE_0929,Raw 2022-05,raw,2022-05-09,3,1617595,viewership,2022
WWE_0930,Raw 2022-05,raw,2022-05-11,3,1779040,viewership,2022
WWE_0931,Raw 2022-05,raw,2022-05-14,3,1883558,viewership,2022
WWE_0932,Smackdown 2022-05,smackdown,2022-05-16,3,1486128,viewership,2022
WWE_0933,Raw 2022-05,raw,2022-05-19,3,1707486,viewership,2022
WWE_0934,Raw 2022-05,raw,2022-05-21,3,1717203,viewership,2022
WWE_0935,Raw 2022-05,raw,2022-05-24,3,1829182,viewership,2022
WWE_0936,Ppv Regular 2022-05,ppv_regular,2022-05-26,5,139835,buyrate,2022
WWE_0937,Smackdown 2022-05,smackdown,2022-05-29,3,1830701,viewership,2022
WWE_0938,Raw 2022-05,raw,2022-05-31,3,2139612,viewership,2022
WWE_0939,Raw 2022-06,raw,2022-06-03,3,1776438,viewership,2022
WWE_0940,Smackdown 2022-06,smackdown,2022-06-05,3,1381275,viewership,2022
WWE_0941,Raw 2022-06,raw,2022-06-08,3,1819298,viewership,2022
WWE_0942,Raw 2022-06,raw,2022-06-10,3,1630672,viewership,2022
WWE_0943,Smackdown 2022-06,smackdown,2022-06-13,3,1766277,viewership,2022
WWE_0944,Raw 2022-06,raw,2022-06-15,3,1878079,viewership,2022
WWE_0945,Raw 2022-06,raw,2022-06-18,3,1620776,viewership,2022
WWE_0946,Smackdown 2022-06,smackdown,2022-06-20,3,1500470,viewership,2022
WWE_0947,Smackdown 2022-06,smackdown,2022-06-23,3,1156732,viewership,2022
WWE_0948,Raw 2022-06,raw,2022-06-25,3,1902223,viewership,2022
WWE_0949,Raw 2022-06,raw,2022-06-28,3,1687861,viewership,2022
WWE_0950,Raw 2022-06,raw,2022-06-30,3,1815438,viewership,2022
WWE_0951,Ppv Regular 2022-07,ppv_regular,2022-07-03,5,131568,buyrate,2022
WWE_0952,Raw 2022-07,raw,2022-07-05,3,1342914,viewership,2022
WWE_0953,Raw 2022-07,raw,2022-07-08,3,1467860,viewership,2022
WWE_0954,Smackdown 2022-07,smackdown,2022-07-10,3,1471035,viewership,2022
WWE_0955,Raw 2022-07,raw,2022-07-13,3,1655518,viewership,2022
WWE_0956,Smackdown 2022-07,smackdown,2022-07-15,3,1668642,viewership,2022
WWE_0957,Raw 2022-07,raw,2022-07-18,3,1844215,viewership,2022
WWE_0958,Smackdown 2022-07,smackdown,2022-07-20,3,1425187,viewership,2022
WWE_0959,Raw 2022-07,raw,2022-07-23,3,1581782,viewership,2022
WWE_0960,Smackdown 2022-07,smackdown,2022-07-25,3,1296658,viewership,2022
WWE_0961,Raw 2022-07,raw,2022-07-28,3,1713144,viewership,2022
WWE_0962,Raw 2022-07,raw,2022-07-30,3,1341432,viewership,2022
WWE_0963,Raw 2022-08,raw,2022-08-02,3,1217641,viewership,2022
WWE_0964,Smackdown 2022-08,smackdown,2022-08-04,3,1265231,viewership,2022
WWE_0965,Raw 2022-08,raw,2022-08-07,3,1710708,viewership,2022
WWE_0966,Smackdown 2022-08,smackdown,2022-08-09,3,1739287,viewership,2022
WWE_0967,Raw 2022-08,raw,2022-08-12,3,1663926,viewership,2022
WWE_0968,Smackdown 2022-08,smackdown,2022-08-14,3,1321912,viewership,2022
WWE_0969,Smackdown 2022-08,smackdown,2022-08-17,3,1537597,viewership,2022
WWE_0970,Raw 2022-08,raw,2022-08-19,3,1560723,viewership,2022
WWE_0971,Smackdown 2022-08,smackdown,2022-08-22,3,1519322,viewership,2022
WWE_0972,Smackdown 2022-08,smackdown,2022-08-24,3,1416441,viewership,2022
WWE_0973,Smackdown 2022-08,smackdown,2022-08-27,3,1662079,viewership,2022
WWE_0974,Raw 2022-08,raw,2022-08-29,3,1732403,viewership,2022
WWE_0975,Raw 2022-09,raw,2022-09-01,3,1465286,viewership,2022
WWE_0976,Smackdown 2022-09,smackdown,2022-09-03,3,1543075,viewership,2022
WWE_0977,Smackdown 2022-09,smackdown,2022-09-06,3,1490807,viewership,2022
WWE_0978,Raw 2022-09,raw,2022-09-08,3,1747055,viewership,2022
WWE_0979,Smackdown 2022-09,smackdown,2022-09-11,3,1503805,viewership,2022
WWE_0980,Smackdown 2022-09,smackdown,2022-09-13,3,1342270,viewership,2022
WWE_0981,Smackdown 2022-09,smackdown,2022-09-16,3,1310250,viewership,2022
WWE_0982,Smackdown 2022-09,smackdown,2022-09-18,3,1563581,viewership,2022
WWE_0983,Smackdown 2022-09,smackdown,2022-09-21,3,1509748,viewership,2022
WWE_0984,Ppv Regular 2022-09,ppv_regular,2022-09-23,5,158909,buyrate,2022
WWE_0985,Smackdown 2022-09,smackdown,2022-09-26,3,1617148,viewership,2022
WWE_0986,Raw 2022-09,raw,2022-09-28,3,1512516,viewership,2022
WWE_0987,Raw 2022-10,raw,2022-10-01,3,1659871,viewership,2022
WWE_0988,Smackdown 2022-10,smackdown,2022-10-03,3,1323081,viewership,2022
WWE_0989,Smackdown 2022-10,smackdown,2022-10-06,3,1647477,viewership,2022
WWE_0990,Raw 2022-10,raw,2022-10-08,3,1471037,viewership,2022
WWE_0991,Raw 2022-10,raw,2022-10-11,3,1344760,viewership,2022
WWE_0992,Smackdown 2022-10,smackdown,2022-10-13,3,1314157,viewership,2022
WWE_0993,Raw 2022-10,raw,2022-10-16,3,1719827,viewership,2022
WWE_0994,Raw 2022-10,raw,2022-10-18,3,1357112,viewership,2022
WWE_0995,Smackdown 2022-10,smackdown,2022-10-21,3,1368430,viewership,2022
WWE_0996,Raw 2022-10,raw,2022-10-23,3,1510867,viewership,2022
WWE_0997,Smackdown 2022-10,smackdown,2022-10-26,3,1636197,viewership,2022
WWE_0998,Raw 2022-10,raw,2022-10-28,3,1609132,viewership,2022
WWE_0999,Raw 2022-10,raw,2022-10-31,3,1633517,viewership,2022
WWE_1000,Ppv Regular 2022-11,ppv_regular,2022-11-02,5,110688,buyrate,2022
